"wmc","dit","noc","cbo","rfc","lcom","ca","ce","npm","lcom3","loc","dam","moa","mfa","cam","ic","cbm","amc","max_cc","avg_cc","bug","pred"
1.04081881442107,1,0,0.204094072105363,2.08163762884215,0.0408188144210726,0.16327525768429,0,1,1.99050725244123,11.8573170094751,0,0,0,1,0,0,3.57146340189502,0,0,"1","0"
8,2,0,4,23,16,1,0,8,0.428571429,166,1,0,0.733333333,0.46875,1,1,19.375,1,0.5,"0","0"
20,2,0,5,51,156,1,0,19,0.642105263,429,1,2,0.6875,0.371428571,0,0,20.2,2,0.3,"0","0"
4,3,0,16,46,4,0,0,3,0.888888889,283,0.666666667,0,0.96,0.5,1,3,69,1,0.5,"0","0"
8,5,0,2,16,0,0,0,8,0.571428571,107,1,0,0.906666667,0.6875,1,1,12,1,0.875,"0","0"
3,2,0,7,12,1,2,0,3,0,270,1,0,0.666666667,0.555555556,1,1,88.66666667,1,0.3333,"0","0"
17,1,0,6,32,72,3,0,16,0.7125,378,1,0,0,0.8125,0,0,20.94117647,7,2.2353,"0","0"
1.39270123490132,1,0,1.96350617450662,2.78540246980265,0.392701234901324,1.5708049396053,0,1,1.90867413123564,44.9912691544741,0,0,0,1,0,0,8.49781728861853,0,0,"1","0"
6,1,0,3,27,9,1,0,2,0.771428571,140,1,0,0,0.25,0,0,21.16666667,1,0.6667,"0","0"
4.9037632024847,1.58075264049694,0,4.70962367975153,37.393276828574,12.3246764896903,4,0,1.58075264049694,1.49619886321702,401.60809179605,0.193584213595772,0,0.204971520192471,0.781274979624752,0.580752640496939,1.16150528099388,40.4236898343445,0.29037632024847,0.24197058766305,"1","1"
19,1,0,2,34,0,2,0,19,0,115,1,1,0,0.263157895,0,0,5,1,0.8947,"0","0"
3,1,0,5,17,0,1,0,2,0.6,113,1,2,0,0.625,0,0,35,1,0.3333,"0","0"
18.9711758818012,1.71510926051997,0,34.5813111262396,58.0185016614851,121.933236497454,29.738168555079,0,7.00576482363977,0.727620034410652,713.388263761997,1,4.13956295792013,0.37858725577972,0.221969552629741,0,0,18.4805118095505,3.84890739480034,1.231338668855,"1","0"
12.9652186438907,1,0,7.86285796598531,27.2978908470832,71.7913118633442,6.15354101685807,0,12.9652186438907,1.60041941443202,356.333204062656,0.341863389825448,0.341863389825448,0,0.70720033758262,0,0,11.2616985885879,1.02559016947635,0.474814062128565,"1","1"
6,1,0,2,7,7,2,0,6,0.7,29,0,0,0,0.75,0,0,3.5,1,0.8333,"0","0"
13.8088116738945,1,1.70784155651927,32.4489895738661,77.9989492651075,49.5274051390588,19.6401778999716,0,11.2470493391156,0.95631904898354,613.575911007822,0.759040691881222,5.97744544781744,0,0.385177039653063,0,0,37.3703113249503,12.8088116738945,1.65447150787804,"1","1"
24,1,0,18,68,156,13,0,19,0.889632107,590,1,4,0,0.236714976,0,0,23.04166667,13,1.9167,"1","1"
9,2,0,2,20,0,1,0,9,0.708333333,112,0.666666667,0,0.555555556,0.333333333,1,2,11.11111111,1,0.8889,"0","0"
12.9207273805514,1,0.905370627297089,11.7570349816233,32.5447834697552,111.253428792115,5.28388811810873,0,8.54220988973975,0.743247509136912,271.235667912522,0.74132267765644,2.18925874540582,0,0.400980742231594,0,0,13.2818026000914,3.6086993359495,0.885632279895083,"1","1"
4,3,0,3,8,6,1,0,4,0.333333333,38,1,0,0.928571429,0.583333333,0,0,8.25,2,1,"0","0"
36.3150031506084,1.39689180674031,0.396891806740314,29.6808130247518,147.069337182213,618.777649142779,3.60310819325969,0,25.6963539910503,0.899945872342058,1679.56127727032,1,6.61864915955812,0.317513445392251,0.330257204477988,0.793783613480628,2.7782426471822,37.216200421733,27.108786764089,3.06223916308251,"1","1"
4,5,0,2,11,0,0,0,4,0,56,1,0,0.957746479,0.625,2,2,12.75,1,0.75,"0","0"
2,1,0,1,14,1,0,0,2,2,104,0,0,0,0.6,0,0,51,1,0.5,"0","0"
4,1,0,0,5,0,0,0,4,0.666666667,28,1,0,0,0.4375,0,0,5.25,1,0.75,"0","0"
3,3,0,0,4,0,0,0,3,0.5,22,1,0,0.666666667,0.466666667,0,0,5.666666667,1,0.6667,"0","0"
2,1,0,2,11,1,0,0,2,2,203,0,0,0,0.75,0,0,100.5,2,1,"0","0"
34,1,0,19,34,561,19,0,34,2,34,0,0,0,0.210084034,0,0,0,1,1,"0","0"
6,2,0,3,27,13,1,0,6,0.4,139,1,0,0.846153846,0.4,1,1,21.83333333,1,0.3333,"0","0"
9.66412119707093,1,0.445292934309691,6.56234347447753,17.6717576058581,5.00763640878722,2.78117173723876,0,7.88294945983216,0.706203820790795,155.150100583676,0.872773447212862,1.44529293430969,0,0.372380323255343,0,0,14.0518434123951,2.55470706569031,1.09036825550757,"1","1"
2,2,0,0,4,1,0,0,2,2,10,0,0,0.666666667,0.75,0,0,4,1,0.5,"0","0"
5,1,0,16,32,0,5,0,2,0.666666667,172,1,2,0,0.342857143,0,0,32.2,2,1,"0","0"
37,4,0,1,63,110,1,0,33,0.464285714,612,1,0,0.567901235,0.150462963,3,4,15.35135135,3,1.1351,"0","0"
20.2160737738013,1,0,36.8781291041523,50.4509881231934,199.555204134434,27.6808959059417,0,18.3052700851113,0.331135710826398,438.767457032576,0.910803688690066,0.910803688690066,0,0.318779059556512,0,0,20.1464127386075,0.910803688690066,0.869362120854668,"1","1"
50.6360596967861,1,0.0309986432548612,24.5660189944319,69.4500678372569,0.309986432548612,21.4730230646674,0,48.5740624102764,0.694108787194873,1299.87166879652,0.991143244775469,2,0,0.17252661421441,0,0,24.1567963947574,10.7210122107062,2.01716307421562,"1","0"
4.94324357854202,1.52837821072899,0,13.886487157084,34.7337883103173,5.30135252489708,2.41486536781304,0,3.52837821072899,0.496869338457522,1008.13083513943,1,1.58513463218696,0.264189105364494,0.430130105363053,0.528378210728988,0.528378210728988,241.268403869142,1.94324357854202,0.814430246906984,"1","1"
15,2,0,10,61,63,0,0,13,0.785714286,488,1,1,0.759259259,0.714285714,0,0,31.33333333,3,1.4667,"0","0"
15,2,0,10,61,63,0,0,13,0.785714286,488,1,1,0.759259259,0.714285714,0,0,31.33333333,3,1.4667,"0","0"
5,2,0,6,20,0,1,0,4,0.833333333,176,0.166666667,1,0.888888889,0.357142857,0,0,33,6,1.6,"0","0"
13,1,1,13,32,60,13,0,10,0.979166667,210,0,1,0,0.208333333,0,0,14.23076923,5,1.3077,"0","0"
21,1,0,12,95,124,5,0,14,0.858333333,719,1,2,0,0.225,0,0,32.66666667,12,1.9048,"1","1"
14,3,0,4,29,11,1,0,14,0.692307692,149,1,0,0.428571429,0.255102041,1,1,9.428571429,6,1.6429,"0","0"
3,2,0,6,17,1,1,0,3,2,68,0,0,0.846153846,0.666666667,0,0,21.66666667,1,0.6667,"0","0"
38.4120058864355,1,0,7.95005125086755,100.206515451893,1362.73231441341,0,0,32.8002050034702,1.52163294541079,1103.73932004441,0.462082810755186,2.33825036790222,0,0.61857290873595,0,0,14.1196795283964,4.20885066222399,0.629316704017203,"1","0"
4,4,0,0,8,6,0,0,4,2,20,0,0,1,0.666666667,0,0,4,0,0,"0","0"
3,3,0,3,10,0,3,0,2,0,59,1,0,0.974025974,0.466666667,1,1,18.33333333,1,0.6667,"0","0"
1,1,0,0,2,0,0,0,1,2,5,0,0,0,1,0,0,3,0,0,"0","0"
19,1,0,2,34,0,2,0,19,0,115,1,1,0,0.263157895,0,0,5,1,0.8947,"0","0"
40.5911011481658,1.47338777687401,0,14.7395100081339,106.075753403828,620.34046865534,5.15967333875597,0,33.5378767019138,0.852658915105982,1229.43058448564,1,2.57983666937798,0.349578665780779,0.224684911259304,0.473387776874006,2.36693888437003,28.5220817445054,17.106448892504,2.37057220453136,"1","1"
3,1,0,5,25,0,0,0,2,1.1,172,1,1,0,0.75,0,0,54.66666667,7,2.3333,"0","1"
53.8184047867544,3.98815683391877,0.00394772202707827,15.9802613898646,221.206507872557,813.814188324148,2.01184316608123,0,31.8894637832418,0.848605131747493,3896.98286540899,0.965670337152627,2,0.614107419120157,0.130561178381399,1.99210455594584,9.96052277972922,70.6549315304186,29.8894637832418,3.61823213965083,"1","1"
1,1,0,0,2,0,0,0,1,2,14,0,0,0,1,0,0,3,0,0,"0","0"
40.5780819449574,1,0,23.8613012155984,153.16780729359,356.139720844105,6.86130121559836,0,12.6934939220082,0.875466435870042,1896.47462402796,1,5.28904097247869,0,0.175773922344309,0,0,44.5421754818655,11.4277397568803,2.31341022152915,"1","1"
3,1,0,2,5,1,1,0,2,0.5,16,0,1,0,0.555555556,0,0,4,1,0.6667,"0","0"
8,1,1,11,21,10,5,0,4,0.734693878,108,0.714285714,2,0,0.428571429,0,0,11.625,2,0.75,"1","1"
3,2,0,2,7,3,2,0,3,1.5,30,0,0,0.9375,0.833333333,0,0,8.666666667,3,1,"0","0"
1,1,0,0,1,0,0,0,1,2,1,0,0,0,1,0,0,0,1,1,"0","0"
4.24220806453377,1.91926397848874,0,18.0311677418649,70.5906865587458,0.565152150578797,1.48441612906754,0,1.48441612906754,0.516147204302251,592.769427415915,1,0.919263978488743,0.80435598117765,0.650327234025123,0.919263978488743,0.919263978488743,146.199290436904,4.67705591395497,1.43656570789861,"1","1"
1,1,0,0,2,0,0,0,1,2,41,0,0,0,1,0,0,3,0,0,"0","0"
23,1,0,1,27,181,1,0,22,0.97979798,3320,0.111111111,0,0,0.25,0,0,142.9565217,17,3.913,"0","0"
15,2,0,10,61,63,0,0,13,0.785714286,488,1,1,0.759259259,0.714285714,0,0,31.33333333,3,1.4667,"0","0"
38,1,0,7,85,0,5,0,36,0.067567568,540,1,2,0,0.254826255,0,0,13.15789474,3,1.7632,"0","0"
6,1,0,15,6,15,14,0,6,2,6,0,0,0,0.75,0,0,0,1,1,"0","0"
32,1,0,9,61,432,1,0,32,0.965352449,887,0.962962963,3,0,0.197916667,0,0,25.875,3,1.0313,"1","0"
8,1,0,6,13,26,2,0,7,1,34,1,1,0,0.392857143,0,0,3,1,0.75,"0","0"
2.8561797584407,1.42808987922035,0,10.9932583090849,34.8224713038653,0.571910120779648,2.71573036233895,0,1,1.22486282723378,319.158422242617,0.428089879220352,0.428089879220352,0.374578644317808,0.857303373735913,0.428089879220352,0.428089879220352,77.5747179096797,2.14044939610176,0.642134818830527,"1","1"
14,1,0,20,72,41,6,0,6,0.699300699,723,1,3,0,0.242857143,0,0,49.85714286,4,1.2143,"0","1"
1,1,0,0,2,0,0,0,1,2,14,0,0,0,1,0,0,3,0,0,"0","0"
47.6296032541431,1,25.6644976367243,67.124204417225,72.5707545904443,913.317200606223,63.0915265404619,0,41.9084734595381,0.91526189853042,524.18276822567,0.986230961643159,4.82788702053949,0,0.206801181850653,0,0,10.1134755079283,5.48366106161848,1.18289242738555,"1","0"
47.9670921557117,1,0,39.2088066493161,203.57149548037,869.903618280077,4,0,34.0440332465805,0.889578380438081,2599.27462233789,1,8.60440332465805,0,0.0994040068918026,0,0,54.8676202635345,38.098957714159,4.26047561814564,"1","1"
7.50805356283672,2,0,32.3306035387795,33.201746533392,0,26.9595963649917,0,6.61288570053875,0.616935118995094,230.960954573238,1,2.40322142513469,0.632531592186759,0.377113039379658,0.298389287432656,0.298389287432656,50.8027556209126,2.19355714973062,1.0712456935501,"1","0"
10,2,0,0,43,33,0,0,8,0.666666667,289,1,0,0.466666667,0.48,1,1,27.8,6,2,"0","0"
14,1,0,1,15,91,1,0,14,2,17,0,0,0,0.4,0,0,0.214285714,1,0.9286,"0","0"
33,1,0,3,74,0,2,0,26,0.604166667,764,1,1,0,0.232323232,0,0,22.06060606,4,1.6667,"0","0"
12,1,0,2,41,20,1,0,9,0.87012987,354,0.571428571,0,0,0.375,0,0,27.91666667,4,1.75,"0","0"
3,1,0,3,5,1,1,0,2,0.5,22,0,2,0,0.5,0,0,5.666666667,1,0.6667,"0","1"
232.712152414024,1.90726996352896,0,59.5689886505716,479.008137417492,26584.5930485399,16.2581597082317,0,209.764821648132,0.971571775972277,7437.17544594454,1,11.5363498176448,0.19624334594508,0.0624488848720207,1.81453992705792,17.2381293070503,32.2603805283996,16.4436197811738,2.03002218544721,"1","1"
35,1,0,30,118,0,0,0,6,0.544117647,1756,1,0,0,0.120915033,0,0,49.11428571,11,1.6571,"0","1"
7,1,0,6,15,9,2,0,7,0.5,67,1,1,0,0.428571429,0,0,8.428571429,1,0.8571,"1","0"
2,2,0,3,6,0,1,0,2,0,22,1,1,0.5,0.666666667,0,0,9.5,1,0.5,"0","0"
63.7256905846298,1,0,6.44934424385428,111.088875364512,1610.36547148973,1,0,56.8270020969212,0.804165673260707,669.502269115299,0.96057892292738,2.47829039022326,0,0.230328120575988,0,0,12.3627374863023,3,1.20532437555343,"1","1"
13.1765732127242,1.15413383813575,0,4.31574746780097,37.2966489330865,411.53734782245,1.23307070508599,0,12.2517701839097,1.83525726634795,393.101524634287,0.154133838135749,0.616535352542996,0.0723485362520727,0.86258954396499,0.154133838135749,0.308267676271498,7.14042022692156,0.770669190678746,0.204227335529868,"1","1"
23.8183534671552,2,0,10.7993020135909,77.3667829977348,233.719892612658,1,0,16.0346129750833,0.718898839480971,706.28897539014,1,1,0.692257653191693,0.588361390632514,1.68339149886742,5.10034899320453,64.4301247402698,7.05017449660227,1.53109431319847,"1","1"
1,1,0,35,1,0,34,0,1,2,1,0,0,0,1,0,0,0,1,1,"0","0"
23.1716580304783,1,0,9.13896126276813,48.9645546474494,194.920935102971,5.03269676771015,0,20.8446903533768,0.905101267442427,444.792538804002,0.917347849657903,5.01634838385507,0,0.271655814439503,0,0,17.4180661778026,10.0081741919275,2.25951038737232,"1","1"
8.18477041693404,1.30253826384433,0,23.8822321530897,112.268010280095,16.0416199315805,1,0,2.39492347231135,0.771235119693591,937.118699602317,0.8837563770749,1.69746173615567,0.264720980863785,0.408347505021719,0.302538263844326,0.302538263844326,121.185797115671,16.8568495146465,3.31340051400475,"1","1"
5.38980804011226,1,0.564968006685376,8.38980804011226,13.6044561136514,6.08471206016839,4.56496800668538,0,2.69490402005613,1.18397229120112,95.3840721938759,0.403548576042421,1.12993601337075,0,0.677161139279057,0,0,13.9632969640661,1.12993601337075,0.423726005014032,"1","1"
6,1,0,0,39,13,0,0,4,1,312,1,0,0,0.233333333,0,0,50.66666667,6,3.5,"0","0"
6,1,0,12,6,15,9,0,6,2,6,0,0,0,0.416666667,0,0,0,1,1,"0","0"
16.7901978418231,2,0,15.1975494604558,50.777945144102,63.3929496407509,6.11607913672924,0,15.5111780576408,0.738576676888977,1013.1663758941,0.831707922965614,4.27901978418231,0.380091895232908,0.313476281260243,1,1.63950989209116,168.022076776287,2.27901978418231,0.819754946045578,"1","1"
51.9138160953298,1.19722399767488,0,17.2249840209261,127.616528181359,888.495498257689,6.81665601395071,0,44.3082640906796,0.836572765187053,1581.53940296452,1,3.40832800697535,0.145642336653502,0.173534802765478,0.197223997674882,0.986119988374412,28.8786721681246,18.2111040093005,2.26132181348018,"1","1"
7,5,0,2,37,15,0,0,5,0.833333333,259,1,0,0.942857143,0.4,1,1,35.71428571,12,2.8571,"0","0"
8,2,0,4,23,16,1,0,8,0.428571429,166,1,0,0.733333333,0.46875,1,1,19.375,1,0.5,"0","0"
16,2,1,6,42,34,5,0,13,0.644444444,287,1,0,0.48,0.186666667,0,0,16.75,7,1.8125,"0","0"
6.00701409205794,2,0,11.3309953026474,24.6760187894106,13.0385775063187,1.33450234867632,0,5.67251174338162,0.6855423841331,1186.20439243317,0.86619906052947,1.99649295397103,0.641520224414252,0.441462088981643,1.33450234867632,1.33450234867632,286.489591505192,1,0.63380093947053,"1","1"
90,1,0,26,158,3537,11,0,81,0.960356159,1560,0.924528302,5,0,0.175561798,0,0,15.74444444,8,1.3222,"0","1"
7,1,1,3,8,9,1,0,7,0.583333333,35,1,0,0,0.642857143,0,0,3.714285714,1,0.8571,"0","0"
8,1.00792895397171,0.992071046028286,11.0079289539717,21.111005355604,10.0792895397171,4.96828418411314,0,3.99207104602829,0.736231124178027,109.086266694125,0.716551129422755,2,0.00609919536102699,0.428193859760231,0,0,11.763756694505,1.99207104602829,0.75,"1","1"
4.24709014501423,1,0,1.97323170350865,9.71808349853382,165.926306410227,1.27385844150558,0,3.97233636351302,1.97392961277801,76.2397436182946,0.0249776165001094,0.42461948050186,0,0.976857277623563,0,0,3.40593393541011,0.549507563002408,0.0558649370641446,"1","1"
4.454149346333,2,0,7.45850653667003,19.275103922002,1.09170130733401,1,0,4.454149346333,0.602256222581925,968.819552403875,1,1.63755196100101,0.363755196100101,0.4545850653667,0.545850653667003,0.545850653667003,238.43370565027,1.454149346333,0.817904542433098,"1","1"
1.57757777394727,1,0,0.72732015978545,5.82912672357634,0.427835388109088,0.0855670776218176,0,1.14974238583818,1.97376129372932,78.8539099176414,0.0213917694054544,0.128350616432726,0,0.981777381614407,0,0,4.91379936993201,0.406443618703634,0.108486219362821,"1","1"
5,1,0,11,37,8,6,0,3,0.5,183,0,0,0,0.416666667,0,0,35,7,1.8,"0","0"
13,1,1,0,23,72,0,0,13,0.416666667,78,1,1,0,0.256410256,0,0,4.923076923,1,0.9231,"0","0"
36,1,0,23,76,210,18,0,36,0.831168831,1025,1,1,0,0.143518519,0,0,27.16666667,3,1.3889,"1","0"
10,1,0,3,11,45,2,0,9,1,17,0,0,0,0.333333333,0,0,0.6,1,0.8,"0","0"
81,1,0,17,212,2914,0,0,69,0.977083333,2334,0.988095238,5,0,0.184375,0,0,26.77777778,9,1.3457,"1","0"
12.5392639059573,1,0.837883431930095,12.9453988168389,29.9164112438448,42.423313613981,7.10751538490877,0,9.18773017823696,0.750334066285065,256.660892920103,0.760604733494863,1.83788343193009,0,0.38235962951246,0,0,14.1445616626268,2.16211656806991,0.853576275339862,"1","1"
8,1,0,8,16,16,8,0,8,0,79,1,0,0,0.425,0,0,8.75,1,0.25,"0","0"
56,1,0,49,89,1310,40,0,56,0.956473829,583,1,24,0,0.1375,0,0,8.821428571,5,1.1964,"0","1"
111.461850155145,1.07264610938728,0,10.1452922187746,201.500405201688,3042.16029144637,1.21793832816184,0,98.0430190302432,0.91745260058388,1178.16152734682,0.883753414925777,4.50852276571095,0.0215974919584043,0.133527773409168,0,0,11.5288419331863,4.0170455314219,1.23650313967187,"1","1"
7,4,0,4,12,11,4,0,7,0.166666667,77,1,0,0.85,0.523809524,1,2,9.714285714,4,0.8571,"0","0"
2,3.91355323884636,0,2.08644676115364,4,1,1.08644676115364,0,1.97118441294879,1.99329870067236,12.9594599194825,0,0,0.971184412948787,0.838135930851474,0,0,4.86019483814016,0,0,"1","0"
3,1,0,3,5,1,3,0,2,0.5,128,1,0,0,0.75,0,0,41.33333333,3,1,"0","0"
4,5,1,0,8,6,0,0,4,2,20,0,0,1,0.666666667,0,0,4,0,0,"0","0"
53.7382654026151,1,0,23.6963009480387,86.6443886235356,234.665829353034,18.9580355454236,0,50.4345663506538,0.721551435310743,1445.55517178681,1,2.43456635065377,0,0.158397311776352,0,0,25.5519021199815,12.7382654026151,2.08499076682106,"1","1"
27,1,0,21,27,351,18,0,27,2,27,0,0,0,1,0,0,0,1,1,"0","0"
1,1,0,0,2,0,0,0,1,2,13.3246491071768,0,0,0,1,0,0,3,0,0,"1","0"
6,1,0,11,7,15,10,0,5,1.16,79,0,1,0,0.6,0,0,11.33333333,1,0.8333,"0","0"
16,1,0,13,34,0,13,0,16,0.628571429,412,0.857142857,0,0,0.375,0,0,24.3125,3,1.875,"0","0"
11.3094800435938,1,0,7.66141563421115,44.0085474797525,89.1348541104235,2.62136195972562,0,2,1.37447013508703,563.021402397659,1,1.41869171475992,0,0.453950583212504,0,0,37.446773814432,7.01335122482851,3.08150248765461,"1","1"
43.6936660585925,1,0,3.64903128705919,77.8998507708311,1192.13852148224,0.364903128705919,0,38.5850222567096,1.60902345132279,437.89485733863,0.335710878409445,1.45961251482368,0,0.682729913905147,0,0,5.05026079949815,1.09470938611776,0.38037502136305,"1","1"
2,4,0,3,3,1,1,0,2,2,8,0,0,0.975609756,0.666666667,0,0,3,1,0.5,"0","0"
5.3144432452973,1,0,4.2634570566006,8.0509861886967,1,2.8951855849009,0,4.682714716997,1.36819561727952,120.982947773766,0.3682714716997,0.3682714716997,0,0.752253737119764,0,0,16.6317285283003,1.1048144150991,0.502174978809711,"1","1"
15,2,0,3,16,0,2,0,15,0.806722689,385,0.411764706,5,0.222222222,0.425,0,0,23.53333333,1,0.4667,"0","0"
34.7747907959856,1,0,21.2556066950783,129.889895401429,317.824644363485,7.68211297085509,0,2,0.798601268337631,1852.82276156172,0.970713621603844,6.20926778251305,0,0.184328129866055,0,0,50.6821382244611,8.62780334753916,1.77407995819356,"1","1"
5,4,0,4,37,6,1,0,1,0.5,203,1,0,0.911764706,0.666666667,2,2,39.4,1,0.6,"0","0"
19,1,0,2,28,111,1,0,19,0.875,173,1,1,0,0.263157895,0,0,7.684210526,2,1.0526,"1","0"
51.0267681449186,1.82667860528454,0,26.8266786052845,164.346642789431,852.08612451097,11.0666965132114,0,14.4001790792681,0.869931923977451,2002.63482460915,1,9.06669651321135,0.142372426281965,0.141225769300468,0.413339302642271,0.413339302642271,40.2608094775663,9.75998209207319,1.98558114568675,"1","1"
2,1,0,2,11,1,0,0,2,2,124,0,0,0,0.75,0,0,61,3,1.5,"0","0"
7,1,0,9,36,0,1,0,5,0.416666667,181,0.5,0,0,0.444444444,0,0,24.57142857,1,0.7143,"0","0"
46.0005739461631,1,0,33.7504304596223,150.66261035786,0,0.803581677610055,0,1.80358167761005,0.946324024602412,3310.45264310273,0.803581677610055,4.82149006566033,0,0.376871752142735,0,0,57.5871623796815,17.6787969074212,1.42386637455726,"1","1"
5.68798405770212,1.57800398557447,0.421996014425531,11.5780039855745,21.5780039855745,5.37596811540425,2.68798405770212,0,4,0.647206879731276,1028.18234503455,0.879429710043564,2.57800398557447,0.289001992787234,0.469857427721889,0.578003985574469,0.578003985574469,249.401389565697,1.42199601442553,0.605499003606383,"1","1"
24,1,0,9,119,92,1,0,13,0.830039526,1158,1,3,0,0.178743961,0,0,46.79166667,11,1.4167,"0","0"
4,3,0,2,8,2,2,0,4,0.666666667,33,1,1,0.921052632,0.5,0,0,6.75,1,0.75,"0","0"
9,1,0,5,9,36,4,0,9,2,9,0,0,0,0.416666667,0,0,0,1,1,"0","0"
2,2,0,19,44,1,3,0,1,2,410,0,0,0.933333333,0.75,2,2,204,1,0.5,"0","0"
9.37977438140661,1,0,2.69857141096145,22.0262404708192,153.392480202019,1.13624059408903,0,8.24353378731757,1.83312669922385,268.062855452299,0.142030074261129,0.568120297044516,0,0.877428848382565,0,0,6.71171927355073,2.69857141096145,0.310094261134323,"1","1"
56.9190031173639,1,0,19.4313395635691,142.075700935209,1014.86772590107,7.56866043643095,0,48.9806230550166,0.829016353313645,1785.73750782036,0.989730010370673,3.87676012469456,0,0.146821129675182,0,0,33.8082326001252,19.1848598129582,2.30140693449897,"1","1"
18.2156473509967,1.1115220405627,0,16.4423897971865,54.8736844991799,19.7695591887459,1.8884779594373,0,15.5502134726848,0.655424746484506,709.347075227415,1,4.77695591887459,0.0557610202813521,0.383095005664532,0.111522040562704,0.111522040562704,71.9179343283526,9.88477959437296,2.27695591887459,"1","1"
3,1,0,6,6,3,1,0,2,2,16,0,0,0,0.666666667,0,0,4.333333333,1,0.6667,"0","0"
37,3,0,8,97,508,2,0,21,0.895424837,981,1,3,0.619565217,0.242063492,2,3,25.05405405,11,2.7568,"0","1"
27,1,0,21,27,351,18,0,27,2,27,0,0,0,1,0,0,0,1,1,"0","0"
51.647972821258,1,0,37.732095125597,176.545277400874,1048.56992082624,10.8037146232091,0,40.591891285032,0.915474183741552,2089.87714506127,0.989875424667844,8.35202717874199,0,0.10476838738341,0,0,39.0563496714901,33.5483125555329,3.35924663487445,"1","1"
2,1,0,1,5,0,1,0,2,0,18,1,1,0,0.666666667,0,0,7.5,1,0.5,"0","0"
8,1,0,4,35,12,2,0,6,0.666666667,204,1,2,0,0.285714286,0,0,23.75,3,1.625,"0","0"
8,2,0,3,11,12,2,0,5,0.642857143,52,1,1,0.416666667,0.40625,1,1,5.25,1,0.875,"0","1"
32,3,0,2,45,426,1,0,28,0.290322581,265,1,1,0.655172414,0.167155425,2,12,7.1875,2,1.125,"0","1"
6,1,0,2,22,0,0,0,5,0.666666667,161,1,1,0,0.444444444,0,0,25.33333333,8,2,"0","0"
8,2,0,4,23,16,1,0,8,0.428571429,166,1,0,0.733333333,0.46875,1,1,19.375,1,0.5,"0","0"
23.1133227611426,2.70734758605249,0,18.3735972433351,91.469480010448,431.022369706538,2.29265241394751,0,17.5118289673701,1.52913938912004,1123.9737284088,0.430884137982503,3.87795724184252,0.569115862017497,0.513904558852599,0,0,23.7419338110367,17.6662496572826,1.78269694407501,"1","1"
1,1,0,2,1,0,2,0,0,2,298,0,0,0,0,0,0,240,0,0,"0","0"
2,1,0,1,17,1,0,0,2,2,134,0,0,0,0.6,0,0,66,1,0.5,"0","0"
2,1,0,4,2,1,3,0,2,2,2,0,0,0,0.75,0,0,0,1,1,"0","0"
38.4054087619297,1.64587647374719,0,33.2182970256545,176.966743970755,689.948107311968,2.70824705250561,0,27.3430381831713,0.888253678001855,2018.20112365438,1,6.09355586813763,0.267259230549488,0.194400779081106,0.322938236873597,0.968814710620791,54.7038018748164,29.3742234725505,3.23178118380643,"1","1"
63.3327334187925,2.03145786002278,0,14.6415603701025,160.490022718906,1603.77420071326,0.484271069988608,0,52.9428359288722,0.88725663637307,980.010603426024,0.961258314400911,1.93708427995443,0.426810149028296,0.274194888607501,0.515728930011392,1.54718679003417,38.3837790070312,4.03145786002278,1.19242554574031,"1","1"
100.489625981078,1.15495906211436,0,10.1549590621144,183.811918502674,2761.98841656931,0.845040937885642,0,88.3491347264498,0.920249414706331,1038.51209530234,0.932396724969149,3.53512281365693,0.134747010473588,0.197472847007529,0,0,18.7190858505649,2.69008187577128,0.973846110920608,"1","1"
2,3,0,4,4,1,1,0,2,2,13,0,0,0.975,0.666666667,0,0,5.5,1,0.5,"0","0"
15,2,0,3,16,0,2,0,15,0.806722689,385,0.411764706,5,0.222222222,0.425,0,0,23.53333333,1,0.4667,"0","0"
4,1,0,1,9,0,1,0,0,0.5,32,1,0,0,1,0,0,6.5,1,0.75,"0","0"
32.6659108540043,1,0.809577796142548,30.8574667768553,135.640832644654,278.228107713629,14.6670445729978,0,6.45267787878402,0.838990702539139,1695.52705157083,0.955023455814835,7,0,0.197651978002403,0,0,48.6474824935722,12.6191555922851,2.02880538303587,"1","1"
9.11276209075004,1.5739364924375,0,16.6866985831875,54.3808265747502,24.1553023932502,1.85212701512501,0,4,0.59342431101251,1549.59958183044,1,5.98244455293752,0.286968246218748,0.433047163158187,0.573936492437497,0.573936492437497,277.712343921186,7.39095261343755,1.61841670735157,"1","1"
26,1,0,16,89,91,7,0,24,0.772,918,1,1,0,0.246666667,0,0,33.92307692,5,1.1538,"0","0"
23.2619467910845,1,0,17.4223931408487,65.882108183112,150.994073887356,12.582839490613,0,18.4223931408487,0.925263002065453,571.356134157395,0.967910730047151,3.87164292018861,0,0.261208235186102,0,0,22.3985442179214,12.582839490613,1.85519449628138,"1","1"
11.4420482453424,1,0.92351003899239,12.6827791421674,28.0370764127001,97.3515354706906,6.5297992201522,0,7.21257836231962,0.749838770190268,179.135663737077,0.733749677313969,2.38244980503805,0,0.405841582464254,0,0,12.1111802949584,3.22383937612176,0.825403803561302,"1","1"
57.6510626992676,1,22.0096124273259,58.9891373382416,92.142075389158,1248.50554416492,54.2490623241756,0,50.7509376758244,0.917153833235232,614.729601800442,0.976798999812454,4.70998749765567,0,0.195940263772553,0,0,9.90059632370769,5.12996249296702,1.16288487835217,"1","1"
4.09516835957766,1.77379208989441,0,2.70827231463045,24.0530745619908,0,0,0,3.32137626968324,1.46801793819759,204.067349035293,0.386896044947207,1.54758417978883,0.290172033710405,0.715201522512406,0.773792089894414,0.773792089894414,22.3448022473603,0.773792089894414,0.386896044947207,"1","1"
23.2839533407241,2.9935591313988,0.335480289533734,12.9935591313988,124.000555122271,210.020432850346,3.0064408686012,0,2.67096057906747,0.889767312698482,3016.60277271084,0.904148488608796,1.33548028953373,0.450396692797029,0.311753082935672,2.65807884186506,5.31615768373013,98.8619685991411,21.935591313988,2.84536355104223,"1","1"
3.00062484457158,1.66687494819053,0,8.0024993782863,15.3374989638105,1.33374989638105,0.666874948190525,0,3.00062484457158,1.05526048984113,1136.68553739018,0.666874948190525,2.00062484457158,0.333437474095263,0.666562525904737,0.666874948190525,0.666874948190525,283.087478240021,0.666874948190525,0.333437474095263,"1","1"
5.29464238323271,1,0,9.12611506436951,29.3783451931085,16.1049089371227,1.07366059580818,0,2.07366059580818,1.44080177283763,345.635009040358,0.536830297904089,0.536830297904089,0,0.606324448382611,0,0,37.7150259329205,8.58928476646543,2.74379333561759,"1","1"
14,1,0,18,14,91,18,0,14,2,14,0,0,0,0.571428571,0,0,0,1,1,"0","0"
5,1,0,18,5,10,18,0,5,2,5,0,0,0,0.7,0,0,0,1,1,"0","0"
33.4699117690325,1.38604350481182,0,19.9814344374463,52.0838682642207,0.772087009623647,13.8930863989517,0,32.2419987786561,0.650547524968278,1477.74774874188,1,2.38604350481182,0.193021752405912,0.293916700709773,0.386043504811823,0.386043504811823,178.373757235959,7.13956495188177,1.45636003255462,"1","1"
3,1,0,1,7,0,1,0,3,0,33,1,0,0,0.666666667,0,0,9.666666667,1,0.6667,"0","0"
12.7701317789033,1,0,22.4192986264825,31.7055706800893,122.745659979992,16.8144739698619,0,11.6491668475792,0.985793633296991,275.77759201359,0.560482465662062,0.560482465662062,0,0.580796172543477,0,0,12.7829666708265,0.560482465662062,0.534980513474438,"1","1"
14,1,0,3,29,13,0,0,11,0.759615385,453,1,2,0,0.365384615,0,0,30.78571429,6,2.3571,"0","0"
27.1505410671234,1,0.508960485458374,9.52688145637512,75.9964256286621,291.365641832352,3.0358419418335,0,19.713264465332,0.807529227084335,765.992949485779,0.480457373835614,2,0,0.294035412737604,0,0,20.3344216034846,5.92831611633301,1.32201193048954,"1","1"
7.64901382266544,1.37635927298106,0,2.007249455899,29.5996800186113,102.495175341843,0.250906181987375,0,4.88904582080431,1.85561059341303,498.643414148362,0.121271321335716,0.250906181987375,0.0773470184592802,0.890778036693543,0.250906181987375,1.25453090993688,11.5168709553775,3.76359272981063,0.455344539070688,"1","1"
7,1,2,12,9,0,12,0,7,0.25,65,1,0,0,0.523809524,0,0,8,1,0.5714,"0","0"
5,1,2,0,6,10,0,0,5,2,8,0,0,0,0.6,1,1,0.6,1,0.8,"0","0"
11,1,0,2,19,37,0,0,9,0.7,205,0.75,0,0,0.375,0,0,16.90909091,4,1.0909,"0","0"
45.0176735054702,1,0,28.0353470109403,171.960659103468,511.013081660494,8.2730903532356,0,7.23374945670366,0.884487614825235,2394.87398953922,1,7.29076385870576,0,0.134430974465844,0,0,51.8585831543033,15.3614578805864,2.38840958022773,"1","1"
8,2,0,12,35,20,1,0,3,0.928571429,245,1,2,0.769230769,0.380952381,0,0,29.125,1,0.75,"1","1"
23.0281478939578,2.15937620494515,0.579688102472574,5.79688102472574,113.300115674734,333.32065892173,1.15937620494515,0,2.15937620494515,1.35261805649165,1899.94259026553,0.579688102472574,1.73906430741772,0.228074007558702,0.531583297772316,1.15937620494515,2.89844051236287,49.0629084494288,9.27500963956118,1.51611626320677,"1","1"
48.3924072887748,1.32594908890314,0.325949088903144,34.1329163997434,179.620276532136,830.158371948171,4.97784726670943,0,36.3702545554843,0.895674709545247,2159.83581358101,1,6.71835637767799,0.202209156884006,0.115475232787544,0.325949088903144,1.95569453341886,42.2759630360105,30.5696291550994,3.49371352396074,"1","1"
4,1,0,3,30,0,0,0,2,0.611111111,368,1,0,0,0.333333333,0,0,89.5,15,4,"0","0"
10.380854225019,1,0,14.3839764783625,62.0374670401216,33.7710752100684,1.8761708450038,0,2.8761708450038,1.12884230948367,851.016732928343,0.625390281667933,6.25390281667933,0,0.5890292435647,0,0,52.4058322517667,10.0062445066869,1.95434463021229,"1","1"
58.4574177672621,1.72730908566155,0,20.3646543985233,168.553780616494,1941.91525871633,5.81847268529236,0,54.0935632532928,1.22263087436822,1825.27191426931,0.727309085661545,2.90923634264618,0.341389978909776,0.351603292645319,0.727309085661545,1.45461817132309,22.5373403135833,3.63654542830773,0.963684538501548,"1","1"
55.7980280695483,1,0,41.5993426898494,191.006573101506,200.128326420207,1.60098596522585,0,9.21183158271015,0.732536646020577,3809.50044428557,1,6.60098596522585,0,0.198005556221789,0,0,66.5680764035972,25.8062444464304,2.24575740071507,"1","0"
5,3,0,12,26,10,0,0,5,1.25,142,1,0,0.923076923,0.4,1,3,27.2,1,0.8,"1","0"
5,1,0,7,17,0,0,0,2,0.416666667,79,1,2,0,0.625,0,0,14.2,3,1.4,"0","0"
3.84530363511294,1,0,6.23020242340863,9.63842777395621,3.1528542409651,3.79496626276523,0,2.64026989787817,1.65436901641185,130.873535520397,0.102516868617386,0.512584343086928,0,0.935252504068894,0,0,18.1123080244986,1.12768555479124,0.256292171543464,"1","1"
48.6445339266211,1.20277617988177,0,17.5805667408276,118.464082234306,861.407278087456,6.58056674082763,0,42.2667433656752,0.776063317990841,1806.03076807573,1,3.79722382011823,0.101388089940883,0.210612257611665,0.202776179881766,0.202776179881766,109.000111380108,15.3500287621282,1.84196685640502,"1","1"
3,1,1,0,4,3,0,0,3,2,6,0,0,0,0.666666667,0,0,1,1,0.6667,"0","0"
14,3,0,4,29,11,1,0,14,0.692307692,149,1,0,0.428571429,0.255102041,1,1,9.428571429,6,1.6429,"0","0"
1,1,0,0,2,0,0,0,1,2,41,0,0,0,1,0,0,3,0,0,"0","0"
91.4840033866931,1.35354662151076,0.353546621510759,14.2425594581291,179.241443928564,2282.01911247103,3.12127972906455,0,78.8981898727361,0.908482482700134,1196.0617553941,0.948283729720861,3.29290675697848,0.219329848398879,0.142374651288326,0.353546621510759,2.12127972906455,15.4873010077036,5.12127972906455,1.43851363474065,"1","1"
1,6,0,1,7,0,1,0,1,2,17,0,0,1,1,0,0,16,0,0,"0","0"
26.0413953047246,2,0,12.5712597027887,91.6126550075132,157.963333017193,3.75517441309057,0,20.286220891634,0.753318505131392,1347.16143269325,0.468299675053423,10.1839147103019,0.344442764773713,0.2121092722013,0.0816085289698094,0.0816085289698094,57.6409366649607,16.0206976523623,3.53359423430215,"1","1"
10,1,0,3,15,3,3,0,10,0.666666667,108,1,0,0,0.466666667,0,0,9.4,2,1,"0","0"
14.5430803028867,1.47284598485567,0,15.162924090866,46.2490846966393,83.1817183322273,7.325848181732,0,11.907310227165,0.744799961547887,1114.85904318979,1,3.52715401514433,0.236422992427833,0.361208242471028,0.472845984855667,0.472845984855667,212.160358694655,7.325848181732,1.24681909325498,"1","1"
16,2,1,6,42,34,5,0,13,0.644444444,287,1,0,0.48,0.186666667,0,0,16.75,7,1.8125,"0","0"
2,2,0,4,7,1,1,0,2,2,39,0,0,0.916666667,0.666666667,0,0,18.5,1,0.5,"0","0"
11.0597237173934,1,0,2.92056495021097,21.1459257847164,140.187117610127,0.324507216690108,0,11.0597237173934,1.66424940296975,293.917336253915,0.31248843089879,0.973521650070325,0,0.739718170054645,0,0,10.4231025817862,0.973521650070325,0.334664292572509,"1","1"
8.94305642996915,1,0.0569435700308532,16.6583385798149,51.1778057590127,28.8611285993829,2.17083071009256,0,3.05694357003085,0.945598504032546,594.61711786408,0.983730408546344,1.05694357003085,0,0.275886102153276,0,0,64.4754540993311,15.2027900195681,4.86276339673845,"1","1"
118.167669970077,1.00125126843341,0,10.0663172269706,210.376631798455,3299.52171785268,1.02002029493451,0,104.158911091043,0.92861247627661,1168.50362027343,0.920100101474673,4.01001014746726,0.000270650538338246,0.130440806720556,0.0025025368668139,0.023774100234732,8.64566104733984,3.0175177580677,1.04362799484055,"1","1"
36.6716016884893,1,0,10.2665724083781,95.2872550785542,1279.46045213379,2.24447586387396,0,30.8439103141427,1.42056849241462,1068.67673174106,0.433656259775051,2.19440517015755,0,0.642037656618049,0,0,21.2912812226167,3.94992930628359,0.590602207496203,"1","1"
10,4,0,2,20,0,1,0,9,0.388888889,92,1,1,0.848484848,0.296296296,2,2,8,2,0.8,"0","0"
34,1,0,19,34,561,19,0,34,2,34,0,0,0,0.210084034,0,0,0,1,1,"0","0"
15.2809680397622,1.64913491089828,0,11.6844283961691,54.5799277827609,88.9314827930648,1.94740473269485,0,9.43875384167768,1.2439053596421,556.588896758389,0.649134910898283,1.29826982179657,0.316651176016278,0.480692071281374,0.649134910898283,0.649134910898283,24.0263264631164,5.19307928718626,1.49580157518291,"1","1"
3,2,0,5,12,1,1,0,3,0,259,1,0,0.666666667,0.555555556,1,1,85,1,0.3333,"0","0"
4.53626787546091,2.53626787546091,0,15.2461248717736,49.1866062269546,5.36267875460908,0.463732124539092,0,3.14507150184363,0.902200906595681,372.938598020468,1,0.463732124539092,0.900782109355908,0.523661900031669,1,2.07253575092182,88.0880279519828,2.85492849815637,1.12461248717736,"1","1"
4,1,0,3,10,4,0,0,3,1,43,0.5,0,0,0.533333333,0,0,9.25,1,0.5,"0","0"
9,2,0,2,20,0,1,0,9,0.708333333,112,0.666666667,0,0.555555556,0.333333333,1,2,11.11111111,1,0.8889,"0","0"
31.4814517237246,1.31296370690688,0,23.8092540516518,137.83326637838,294.051533443853,6.49629034474492,0,1.68703629309312,0.761499860367727,1822.38946041325,1,5.12221775855869,0.273843243543524,0.305960508920703,0.312963706906885,0.312963706906885,85.5492372437257,9.12221775855869,1.90596974558872,"1","1"
2,4,0,4,5,1,1,0,2,2,36,0,0,0.975609756,0.666666667,1,1,17,1,0.5,"0","0"
3,1,0,13,35,3,1,0,1,2,194,0,0,0,0.416666667,0,0,63.66666667,1,0.6667,"1","0"
4,5,0,2,11,0,0,0,4,0,56,1,0,0.957746479,0.625,2,2,12.75,1,0.75,"0","0"
2,3,0,2,4,1,2,0,2,2,11,0,0,1,1,0,0,4.5,0,0,"0","0"
5.60354654653929,1.79881781782024,0.201182182179764,3.81063963961788,17.0059109108988,2.01182182179764,1.80472872871906,0,4.79881781782024,0.647068453747801,93.6212792792358,0.942519376462587,0.402364364359528,0.159763563564047,0.405748062434214,0,0,15.5991186436557,2,1.10946801801911,"1","1"
40.3699598631356,1,0.518577162409201,16.6656110766344,115.179438083898,206.048974488862,7.9628456751816,0,19.6316235219128,0.897326167033266,1759.45049160533,0.749652404193241,3.36995986313559,0,0.167226920095358,0,0,41.0948723984951,11,2.5623384983462,"1","1"
85.0420605540276,2.54490341152996,0,13.0898068230599,216.17961364612,2005.32888058387,1.51496780384332,0,66.922318123281,0.887612009710534,2577.19139617682,0.944031831017678,2.97006439231336,0.317498946532999,0.129940788566236,1.02993560768664,5.14967803843319,40.6858152887712,16.9041307037696,2.37472470210344,"1","1"
6,1,0,15,6,15,14,0,6,2,6,0,0,0,0.75,0,0,0,1,1,"0","0"
16,1,0,15,16,120,15,0,16,2,16,0,0,0,0.3125,0,0,0,1,1,"0","0"
28,2,0,12,93,172,4,0,22,0.77582846,1410,0.421052632,11,0.297297297,0.171717172,0,0,48.67857143,17,3.7143,"1","1"
10.2889888966456,1.48889415245503,0,0.244447076227516,20.5779777932912,0,0,0,9.31120059173554,1.69765756367766,143.690339001361,0.244447076227516,0.244447076227516,0.109824048661959,0.787787703087468,0.244447076227516,0.244447076227516,5.48834587864648,1.95557660982013,0.45129819213124,"1","1"
1,1,0,0,2,0,0,0,1,2,10,0,0,0,1,0,0,3,0,0,"0","0"
23.3858126604464,1,0,14.4359436875675,89.0738862694707,214.31635074853,4.97771954350173,0,2,1.19203508571155,1227.21969632455,1,3.48050460056402,0,0.338582054081339,0,0,42.9404787110092,8.48607471468858,2.71556015489418,"1","1"
54,4,0,16,222,817,2,0,32,0.849056604,3912,0.966666667,2,0.616541353,0.129380054,2,10,70.88888889,30,3.6296,"1","1"
1.84678843524307,1.42339421762154,0,2.54036530572921,7.08073061145842,2.11697108810768,0,0,1.84678843524307,1.84122716839192,37.1557154718321,0.211697108810768,0,0.19541271580904,0.872981734713539,0.211697108810768,0.635091326432303,8.12307003322057,0.211697108810768,0.169357687048614,"1","1"
7.65677348989993,1,0.942795581649989,10.6567734898999,20.0275248880498,9.4851602348499,4.94279558164999,0,3.82838674494997,0.793771625612458,106.34107186785,0.673425415194908,1.88559116329998,0,0.461259668032633,0,0,11.9324737486313,1.88559116329998,0.707096686237492,"1","1"
126.211933813989,1,0,53.5864179357886,273.800408862531,5399.57604277134,32.5843608230352,0,114.106995463371,0.946046634272426,2133.43000056595,0.970534977316856,12.2119338139892,0,0.0944828402172024,0,0,15.335541215772,15.0020571127534,1.79676087389737,"1","1"
11,1,0,16,11,55,15,0,11,2,11,0,0,0,0.484848485,0,0,0,1,1,"0","0"
50.841721336823,1,0.0113056187983602,39.6382201984525,205.428518987028,987.705686820438,4.03391685639508,0,37.9773887624033,0.907285680743567,2578.25127301388,0.994542115059352,8.89824943081476,0,0.0931189422135587,0,0,48.9479214940454,40.6608314360492,4.12444211974062,"1","1"
38.4760022927076,1,0,6.57224147813395,68.7763488991186,1027.98813351709,3.05665511311963,0,33.3881744495593,1.50365280389296,418.918607572559,0.289292431976646,1.25779318250716,0,0.726598568283876,0,0,14.3644969121411,0.943344886880368,0.327780903361365,"1","1"
4,3,0,0,28,0,0,0,4,0.25,404,1,0,0.928571429,0.3125,1,3,99,6,2.75,"0","0"
90.5773533703759,1,0,12.333842266351,168.57429977227,2359.42708867276,4.50076339952648,0,79.2029259200208,0.917194353615187,993.713738522492,0.94333842266351,4,0,0.161511715531666,0,0,12.8262765376354,5.91730283293873,1.29745978668383,"1","1"
5.63328196061775,2,0,18.9140377915464,76.601735459175,11.7768225581385,1.17192441690713,0,2.11750870989636,0.528816876720946,657.622252732981,1,1.08596220845357,0.841715852210432,0.626550969693015,1,1,147.917304642088,5.2578866253607,1.5691394042592,"1","1"
13,1,0,16,13,78,14,0,13,2,13,0,0,0,0.292307692,0,0,0,1,1,"0","0"
21.8951838091016,1.4577217027545,0.542278297245502,13.0349387302995,71.661773622036,0,4.25366978347301,0,19.9797404035926,0.723871595870643,944.218124754727,0.738210477023533,0.457721702754498,0.400506489910185,0.408707893356256,0.457721702754498,0.457721702754498,89.1836430611935,8.25366978347301,2.31341744586825,"1","1"
10,3,0,1,15,21,1,0,6,0.844444444,77,1,0,0.863636364,0.5,0,0,6.2,1,0.9,"0","0"
11,2,0,9,53,0,0,0,10,0.7,473,1,1,0.82,0.8,0,0,41.72727273,3,1.6364,"0","0"
61.307912979275,1,0,34.4090930228122,210,1306.39865719993,1,0,48.0953030767851,0.915790242191507,2445.80802923394,0.982991207800806,7.14956039004028,0,0.118521854943487,0,0,48.2370733009156,35.2829939979129,3.86755566986613,"1","1"
14,1,0,8,47,89,3,0,9,1,530,1,0,0,0.213675214,0,0,36.71428571,13,2.5,"0","0"
3.20993726281449,1,0,1.74468731274828,12.11918641394,6.97874925099313,0.697874925099313,0,2.86099980026484,1.85996588678891,104.027302301023,0.116312487516552,0.581562437582761,0,0.899195844113551,0,0,7.24540579435416,1.16312487516552,0.186099980026484,"1","1"
3,2,0,3,31,3,0,0,3,2,208,0,0,0.953488372,0.555555556,2,5,68.33333333,1,0.6667,"0","0"
2,1,0,1,17,1,0,0,2,2,160,0,0,0,0.6,0,0,79,1,0.5,"0","0"
15,1,1,0,27,73,0,0,15,0.857142857,145,1,2,0,0.255555556,0,0,8.4,9,1.8,"0","0"
4.34884405322373,1.91278898669407,0.0872110133059323,18.3023118935525,71.2033942681737,0.872110133059323,1.34884405322373,0,1.2616330399178,0.520467890917079,593.603740921244,0.975082567601959,1.08721101330593,0.798690363357309,0.645902140030703,0.912788986694068,0.912788986694068,145.690882420691,4.7383669600822,1.43459174002055,"1","1"
12.3887551096268,1,0.686517492169514,20.0909927270841,31.6584052662365,75.5178441365715,12.8370626957621,0,9.01572012528777,0.564091152360051,222.734597865958,0.803852144898277,1.68651749216951,0,0.373240100835355,0,0,14.3929080506693,1.68651749216951,0.814107172851334,"1","1"
6.03325659269467,1.65558113576844,0.344418864231557,11,34.1116227153689,8.68883772846311,1.72209432115778,0,3.34441886423156,0.826675924816026,283.695744385943,0.90159461012115,1.34441886423156,0.570070552585593,0.516372473688025,0,0,52.385757116403,1.34441886423156,0.651662829634734,"1","1"
15.7372218908276,1.33505419245921,0.335054192459211,10.6959212718066,43.8714489026461,161.826012380421,5.00516257737763,0,11.7217341586947,1.46735158170714,475.369109679246,0.335054192459211,0.670108384918422,0.207857693345972,0.719901786191029,0.335054192459211,2.01032515475526,20.7011800336809,3.0154877321329,0.724655207450781,"1","1"
10,1,0,5,15,27,5,0,9,0.777777778,101,0,1,0,0.240740741,0,0,8.8,1,0.8,"0","0"
8,1,0,4,35,12,2,0,6,0.666666667,204,1,2,0,0.285714286,0,0,23.75,3,1.625,"0","0"
2,1,0,2,11,1,0,0,2,2,265,0,0,0,0.75,0,0,131.5,3,1.5,"0","0"
39.6985468454659,1,0,29.0239101340994,129.843413685914,0,0.69104547938332,0,1.69104547938332,1.0938842437288,2850.06705615716,0.69104547938332,4.14627287629992,0,0.464136663694852,0,0,49.94259817749,15.203000546433,1.2244634849193,"1","1"
5,1,0,1,6,0,1,0,5,0.45,115,1,0,0,0.466666667,0,0,21,2,1,"0","0"
4.54853944014758,1.64518898911774,0,6.12929539661855,38.1305833905935,13.5489687714726,0,0,2.29037797823548,1.62852755156368,277.20446171239,0.322594494558871,0,0.266974754151058,0.809375980458613,0.322594494558871,0.967783483676612,23.4309846543198,1.61297247279435,0.430115239595342,"1","0"
4,3,0,2,6,6,1,0,4,1,21,1,1,0.833333333,0.4,1,2,4,1,0.75,"0","1"
16.9981363457628,1,0,10.5256291800179,75.8331793402322,98.0931984488852,4.78937559714541,0,11.2618827628903,1.04981377362939,584.200382173061,0.789375597145408,1.57875119429082,0,0.388233912212309,0,0,29.3668843579093,9.4725071657449,1.50360263744257,"1","1"
28.2909997017123,2.43636840535328,0,0.718184202676639,56.5819994034246,0,0,0,25.4182628910057,1.11171953898368,404.719495674828,0.718184202676639,0.718184202676639,0.322662467640228,0.376521406562239,0.718184202676639,0.718184202676639,10.3107468840254,5.74547362141311,1.32591167498161,"1","1"
21.5761067587882,1.62288592336699,0,17.2795970728621,84.4019440389238,173.862543266267,4.01691261306405,0,2.62288592336699,0.910488328582114,1042.97338615544,1,3.88557038316503,0.479143017830868,0.290707725917618,0,0,37.8714753462307,4.77114076633006,1.2556722653572,"1","1"
2,1,0,2,4,1,1,0,1,1.878787879,305,0,0,0,1,0,0,102,0,0,"0","0"
50.5747194075957,1,0,17.7432959210128,125.61559357401,875.785587164573,9.04725339915603,0,43.6219728067517,0.861720864863148,1609.5161246201,1,3.16219728067517,0,0.155685472436328,0,0,33.5038708498427,16.6960425218567,2.54983868970461,"1","1"
8.25514410436153,2.53189301304519,0,15.7232510913163,70.9341572001576,23.2757205218077,0.468106986954808,0,4.53189301304519,0.724365571226847,1227.14711140282,1,1.40432096086442,0.674240814673276,0.45164608967481,1,2.06378602609038,233.291492012109,3.12757205218077,0.943226447770558,"1","1"
3,1,0,5,25,0,0,0,2,1.1,172,1,1,0,0.75,0,0,54.66666667,7,2.3333,"0","1"
96.5633857152425,1,0,8.32235192554072,173.464553045109,2658.5729649961,1,0,85.1730604977347,1.12827156980275,969.493740878068,0.74850708572194,3.25437863357365,0,0.199406169712236,0,0,15.4003231486153,4.86405341606587,1.90439422119134,"1","1"
3,2,0,3,9,1,1,0,2,0.5,59,1,1,0.75,0.555555556,0,0,18.33333333,2,1,"0","0"
4,5,0,2,13,0,0,0,4,0,58,1,0,0.957746479,0.625,1,1,13.25,1,0.75,"0","0"
15.2605288899504,1,0,8.62264537531883,56.3889939058572,141.942008486018,2.98476186068729,0,1.33164020674303,1.62876863678022,789.017766259611,0.331640206743032,2.32148144720122,0,0.715336313152282,0,0,19.3558920149752,3.64804227417335,0.693426508279005,"1","1"
19.4808999672532,1.51622187602334,0,20.9351124959067,76,101.593406035099,9.22422810760327,0,17.9322343391832,0.660212235780725,826.254577731015,1,1,0.45169414152042,0.413579037398695,0.516221876023337,0.516221876023337,94.9638063860109,4.03244375204667,1.44625225042619,"1","1"
31,1,1,20,72,249,5,0,30,0.856862745,826,1,5,0,0.14,0,0,25.09677419,12,1.6774,"0","0"
2,1,0,4,14,1,2,0,2,2,87,0,0,0,0.6,0,0,42.5,4,2,"0","0"
34.0735575924627,1,0,27.4416717621498,126.18988786079,465.544057026971,2.90797145757824,0,26.5337003045715,0.774678055936424,1497.05732913734,1,6.81594291515648,0,0.242929839801139,0,0,37.5230116137685,24.6195718636736,3.24331083374643,"1","1"
5,1,0,0,5,10,0,0,5,2,5,0,0,0,0.4,0,0,0,1,1,"0","0"
108.605239505414,1.08241017977707,0,10.7416916179936,198.957035909873,2997.76594266831,1,0,95.5117514829617,0.893230372945384,1117.14670651592,0.926592814382166,3.75276946066879,0.072108907304937,0.174718744855737,0.0824101797770709,0.0824101797770709,20.9703935555873,3.16482035955414,1.08011089826599,"1","1"
4,4,4,0,8,6,0,0,4,2,20,0,0,1,0.666666667,0,0,4,0,0,"0","0"
47.4678059220314,1,0,21.0886990129948,108.014291532338,625.707964673638,13.2217475324869,0,43.6452039480209,0.828261701583619,1411.08279937506,1,2.43347574025393,0,0.140406505763016,0,0,28.1063896520921,10.6452039480209,1.76848437601924,"1","1"
2,1,0,1,7,1,1,0,2,1,26,1,0,0,0.6,0,0,11.5,1,0.5,"0","0"
3.87366413138807,1.93683206569403,0,18.1156489197165,71.4519087299705,0.0631679343059659,1.1895038029179,0,1,0.580061684149111,604.562788854353,0.936832065694034,0.936832065694034,0.81972805748228,0.687722645080933,0.936832065694034,0.936832065694034,149.561737295706,4.68416032847017,1.40524809854105,"1","1"
10,3,0,1,15,21,1,0,6,0.844444444,77,1,0,0.863636364,0.5,0,0,6.2,1,0.9,"0","0"
6,1,0,1,11,1,1,0,5,1.070588235,308,0.235294118,0,0,0.444444444,0,0,47.5,28,7,"0","0"
31.4406590929721,1,0,19.5409103906713,116.839151306776,278.005585738923,7.20580844185315,0,2,0.768958388244691,1669.15973517857,0.960129076525497,5.92348506511189,0,0.199753002454209,0,0,50.0908470462595,7.77045519533567,1.6595763494215,"1","1"
60,1,0,19,143,1080,8,0,52,0.825084746,1833,1,4,0,0.13700565,0,0,29.13333333,19,2.1833,"1","1"
3,4,0,109,6,3,109,0,3,2,16,0,0,1,0.777777778,0,0,4.333333333,0,0,"0","0"
47.4952647914179,2.04857943742536,0,22.5047352085821,185.57348283194,563.965800386155,6.55331464600749,0,12.4857943742536,0.869587858149758,2903.11556914891,0.988349117478449,5.25236760429107,0.215497528359403,0.137360710375042,0.699052958283573,3.49526479141787,58.8091356773506,17.6410031036939,2.62871639345547,"1","1"
3.28098797681741,1.28098797681741,0,6.05778358271345,31.4212545626797,2.15703606954776,1,0,2.43802404636517,1.57851803477388,279.055964362342,0.280987976817414,0.280987976817414,0.245864479715237,0.546831329563232,0.280987976817414,0.280987976817414,76.8921353687765,10.7520961854607,4.49590739699488,"1","1"
3.48889439180493,1,0,1.71111489436589,7.75556828104891,13.3778073559515,0.155555899487808,0,1.31111179897562,1.80677040610499,100.000201200368,0.155555899487808,0.466667698463425,0,0.893055319102132,0,0,7.73987976159583,2.17778259282932,0.567327921021986,"1","1"
8,2,0,9,38,0,0,0,7,0.857142857,278,1,1,0.872340426,0.785714286,0,0,33.25,3,2,"0","0"
38.2243490112014,1.34528786456212,0.345287864562124,31.0225155213848,154.861532451119,668.214225749485,3.65471213543788,0,27.2960761985742,0.900891944598124,1798.45676004887,1,6.92827281262726,0.276230291649699,0.299278961050897,0.690575729124248,2.41701505193487,38.7687274275635,28.9149247403257,3.20201876126057,"1","1"
7.89625408127904,1,1.47406352031976,7.21109528047964,15.0554764023982,44.4848738494329,6.21109528047964,0,3.21109528047964,1.37624032402067,192.502891064622,0.073703176015988,1.47406352031976,0,0.744206624436778,0,0,18.1874400572164,5.5277382011991,1.26931609734735,"1","1"
44,1,0,26,166,428,9,0,2,0.880620155,2361,1,7,0,0.141649049,0,0,52.31818182,11,2.0909,"1","1"
64.2268402767368,2.88677753414959,0,26.9809978073463,164.71733918041,1556.6361652934,13.2640539719723,0,36.0760087706149,0.858938970708955,1475.09184820298,0.995471101365983,11.5471101365983,0.324945019350923,0.140053856687089,0.943388767074794,0.943388767074794,22.3250422127685,7.71694383537397,1.79116766442726,"1","1"
10,1,0,26,128,23,1,0,3,0.888888889,1066,0.833333333,2,0,0.296296296,0,0,105,22,4.1,"1","1"
3.26056883321144,1.26056883321144,0,3.86625716532581,16.0845506656915,2.73943116678856,1,0,3.26056883321144,1.63086081953027,545.008517476264,0.260568833211437,0.781706499634311,0.130284416605718,0.5,0.260568833211437,0.260568833211437,143.495018953923,9.87317400146276,4.32041900944647,"1","1"
47,1,0,8,133,583,1,0,36,0.883022774,1448,0.238095238,2,0,0.154589372,0,0,29.36170213,10,1.9149,"1","0"
4,1,0,8,6,0,7,0,3,0.333333333,24,1,1,0,0.333333333,0,0,4.75,2,1,"0","0"
52.8805459944997,1,0,35.6120593461674,193.627228483558,1015.9249139505,4.83579821977764,0,40.9252937692218,0.890059632945543,2434.9893886873,1,7.95525222527795,0,0.101403910537484,0,0,44.9729551892747,36.403109791223,3.72901256963862,"1","1"
3,2,0,5,8,3,0,0,2,1,27,1,0,0.976190476,1,0,0,7.666666667,1,0.3333,"0","0"
28,1,0,34,181,20,4,0,8,0.773420479,2634,1,6,0,0.148148148,0,0,92.46428571,19,5.0714,"1","1"
6.36855162982829,1.76693594711833,0,9.20323136541992,27.3088862549048,15.3387189423665,0.766935947118327,0,2.53387189423665,1.17828291413048,193.259780260269,0.766935947118327,1.53387189423665,0.589950728375574,0.52523012801089,0,0,23.0362016184663,0.766935947118327,0.575201960338745,"1","1"
9.4641072251834,1.7320536125917,0.267946387408301,10.2679463874083,27.5884825133253,28.3013403147925,2.8038391622249,0,7.66026806295849,0.847572892846167,148.995002305135,0.630622444198678,0.535892774816602,0.675741796182179,0.352751590239265,1.4641072251834,1.4641072251834,14.0224755812378,1.2679463874083,0.859808041888755,"1","1"
61.5705484976061,1.36450167233124,0,35.6259799320251,215.74804013595,1608.08229446551,5.45800668932498,0,51.1220602039248,0.915951550078099,2560.10134447319,1,7.17749163834378,0.171092621669308,0.0980139480839537,0.364501672331244,0.729003344662488,42.1240352610593,27.8779397960752,3.11221194690284,"1","1"
4,1,0,2,16,4,0,0,2,0.666666667,863,1,0,0,0.875,0,0,213.75,10,4,"0","0"
4.68046609126031,1,0,6.07218643650413,7.59182456228882,0.946390678174794,4.96496779285371,0,3.62685676943511,1.70983159932671,146.494136177935,0.0536093218252063,0.107218643650413,0,0.955200601673529,0,0,17.4051627593027,0.589702540077269,0.110311901519727,"1","1"
19,1,0,2,34,0,2,0,19,0,115,1,1,0,0.263157895,0,0,5,1,0.8947,"0","0"
104.942984620109,1,0,12.8231384605169,202.236369233578,2766.06936941203,2.41156923025846,0,86.0024923142046,0.920090499948814,1371.91183069255,0.934115692302585,4.52933846134692,0,0.132496962638398,0,0,16.3292594264052,4.41156923025846,1.22740379224075,"1","1"
34,1,0,66,34,561,62,0,34,1.03030303,40,0,0,0,0.109243697,0,0,0,1,1,"0","0"
9,3,0,4,32,6,2,0,7,2,265,0,0,0.829787234,0.444444444,0,0,28.44444444,1,0.8889,"0","0"
6,2,0,3,12,3,2,0,4,0.5,115,0,0,0.642857143,0.458333333,1,2,17.5,1,0.8333,"0","0"
31,1,0,22,31,465,20,0,31,2,31,0,0,0,0.221198157,0,0,0,1,1,"0","0"
27.2022226219997,1,0,21.610808389727,103.155153259635,463.550008994993,2.91828284645453,0,21.2333841200452,0.68697259057885,1227.2503764953,1,4.67313138581812,0,0.274037544071305,0,0,27.1286170717386,19.3656569290906,2.36317569647008,"1","1"
105.731648544781,1,0,11.9449825477786,189.951718353666,2809.62987318775,3.54343871632591,0,93.8262451346964,0.913977866173501,1139.80210431153,0.931969123370946,3.55115787358955,0,0.132478478545269,0,0,11.3936887031303,3,1.09424126560041,"1","1"
5,2,0,8,16,2,1,0,4,1.041666667,88,0.166666667,1,0.625,0.625,0,0,15.4,1,0.6,"0","0"
23,1,0,7,38,155,5,0,19,0.704545455,316,1,1,0,0.227272727,0,0,12.47826087,4,1.2609,"0","0"
4,1,0,3,20,0,3,0,4,0.666666667,78,0.5,0,0,0.583333333,0,0,18,3,1,"0","0"
9,1,0,8,37,34,6,0,5,0.75,336,1,0,0,0.225,0,0,36,4,1.5556,"0","0"
7.65862966142595,1.83232870767824,0,31.6284908917733,12.8202731998172,0,31.6284908917733,0,7.65862966142595,0.890228390039785,48.9517779685557,0.832328707678244,2.49698612303473,0.440644610192108,0.379056360964876,0,0,4.66465741535649,0.832328707678244,0.739856988255191,"1","0"
23.3300736322999,1.5167481591925,0,22.3827628856525,119.492665672675,206.831787865609,4.86601472645998,0,1.4832518408075,0.683935390552185,1471.6764180297,1,3.89951104484499,0.45215463929344,0.412950936645132,0.516748159192502,0.516748159192502,107.187440904228,7.89951104484499,1.78555351273315,"1","1"
10,1,0,10,43,0,3,0,6,0.481481481,257,1,3,0,0.35,0,0,24.4,3,1.3,"0","0"
38,2,0,14,144,521,0,0,26,0.895135135,2014,1,3,0.357142857,0.155405405,0,0,51.34210526,31,3.5526,"0","0"
21,2,0,5,66,114,1,0,19,0.827272727,607,0.090909091,0,0.558139535,0.3375,0,0,27.38095238,16,2.2381,"0","0"
67.5785248663742,1.59319382510148,0,8.22041852469556,131.698415086605,1531.90806157817,1,0,55.9513001667801,0.864342966598309,909.079011982074,0.967455506008118,2.22041852469556,0.360421564791323,0.380595328215206,1.18638765020296,4.15235677571036,15.8733101018567,5.9659691255074,1.34083581340855,"1","1"
66.6162883182988,1,0.467124651651829,10.4671246516518,121.713440837804,1745.57500956999,2.86849860660732,0,57.2875348348171,0.837993432710008,668.584866462275,0.823905785812445,3.06575069669634,0,0.269755765758199,0,0,10.0229870354769,2.53287534834817,0.905812751857005,"1","1"
2,1,0,0,8,1,0,0,1,1,28,1,0,0,1,0,0,12.5,0,0,"0","0"
3,3,0,0,4,0,0,0,3,0.5,21,1,0,0.6,0.5,0,0,5.333333333,1,0.6667,"0","0"
8,1.34143704548478,0.658562954515219,11.3414370454848,25.7801186367869,13.4143704548478,3.63425181806087,0,3.65856295451522,0.800890856199265,154.776875231415,0.811839155664634,2,0.262643881063346,0.412312521942082,0,0,17.6001482959837,1.65856295451522,0.75,"1","1"
3,1,0,1,14,3,1,0,3,2,138,0,0,0,0.5,0,0,45,13,5.6667,"1","0"
29,1,0,0,29,406,0,0,29,2,29,0,0,0,0.436781609,0,0,0,1,1,"0","0"
5,2,0,14,45,8,0,0,3,1,263,1,1,0.869565217,0.4,0,0,51.2,3,1,"1","0"
23,2,0,18,83,137,3,0,14,0.835227273,845,1,2,0.487804878,0.2,1,1,35.39130435,8,2.3043,"1","0"
44.516876319889,1.42118748114444,0,39.2041883862112,130.816753544845,859.22134042508,23.5736882353667,0,40.4651886879001,0.764641729240665,1640.38231055788,1,7.63050015084445,0.210593740572222,0.280255129544655,0.421187481144443,0.421187481144443,189.918456089034,11.4186253394,1.62631128044103,"1","1"
23,2,0,5,31,175,0,0,21,0.827272727,189,1,0,0.290322581,0.695652174,0,0,6.782608696,5,1.1304,"0","0"
12.3220677629579,1,0.519770248560235,11,29.6441355259158,46.4974611094221,3.07908099424094,0,3.51977024856023,0.74579612809669,341.391659199726,0.85149421454857,2.48022975143977,0,0.372830475502072,0,0,22.1159014105507,7.76275701727718,2.14127361289614,"1","1"
7,1,0,1,7,21,1,0,6,1.142857143,34,0,0,0,1,0,0,2.857142857,1,0.8571,"0","0"
1,1,0,0,1,0,0,0,1,2,1,0,0,0,1,0,0,0,1,1,"0","0"
2,1,6,0,3,1,0,0,2,2,5,0,0,0,0.75,0,0,1.5,1,0.5,"0","0"
12,2,0,6,78,36,4,0,7,0.363636364,663,1,0,0.765957447,0.35,1,10,54.08333333,12,3,"1","1"
41.5617040656507,1.89927406981587,0,7.30217779055238,91.2958227843046,636.623345788568,1,0,31.1588003449142,0.831214521597047,779.607068467885,0.99194192558527,1.30217779055238,0.54639437179551,0.509622598962034,1.79854813963175,6.29491848871112,19.6166227612293,7.49637034907937,1.49482478452437,"1","1"
7,1,0,2,8,21,2,0,7,2,10,0,0,0,0.476190476,0,0,0.428571429,1,0.8571,"0","0"
2,1,0,1,3,1,1,0,1,1.963636364,231,0,0,0,1,0,0,87,0,0,"0","0"
13,1,1,0,23,72,0,0,13,0.416666667,78,1,1,0,0.256410256,0,0,4.923076923,1,0.9231,"0","0"
2,4,0,4,6,1,1,0,2,2,25,0,0,0.975609756,0.666666667,1,1,11.5,1,0.5,"0","0"
1,1,0,0,2,0,0,0,1,2,9,0,0,0,1,0,0,3,0,0,"1","0"
2.13464232883416,1,0,4.46143068466336,5.34642328834161,1.26928465766832,3.59607301349752,0,1.26928465766832,1.79875402955894,86.9438974012155,0,0,0,0.932678835582919,0,0,20.7699852073565,1.7503502748441,0.762977684804541,"1","0"
27.6420317967422,2,4.54654457629658,24.4558534915559,106.916503118817,255.515805187868,4.63723566103727,0,20.0954872204456,0.865813931812879,902.790276509942,1,3.72792674577795,0.458233414142583,0.220373670388335,1,1,41.0779087458779,9.54654457629658,1.71214176993,"1","1"
37,2,0,39,175,660,2,0,30,0.944444444,1350,1,0,0.539473684,0.433333333,0,0,35.40540541,4,1.1081,"0","0"
11,5,0,3,32,17,0,0,10,0.75,249,1,0,0.908256881,0.327272727,1,1,21.27272727,1,0.9091,"0","0"
1,1,0,0,1,0,0,0,1,2,1,0,0,0,1,0,0,0,1,1,"0","0"
11,1,0,6,33,25,0,0,10,0.844444444,323,0.333333333,4,0,0.3,0,0,27.54545455,11,2.0909,"0","0"
11,3,0,4,27,55,0,0,8,2,145,0,0,0.727272727,0.375,1,1,12.18181818,1,0.8182,"0","0"
27.0016630385071,1,1.49992440734059,33.2492818697356,104.001965409145,313.53862784896,19.2494330550544,0,22.7514740568586,0.78960630802976,996.042180703953,0.916670866342185,6.24988661101088,0,0.244246007838401,0,0,39.7202997743122,16.0001511853188,1.99895929033784,"1","1"
24.8414636319503,2.0947735067457,0,15.5996516859159,107.429617389105,193.718469556421,4.07351921964437,0,4.73693376686424,0.740697068257886,1337.38677119277,1,5.35783973988146,0.410540065029636,0.208561518150416,1.0947735067457,1.0947735067457,52.6914000599408,6.07351921964437,1.49375579074556,"1","1"
14,1,0,8,47,89,3,0,9,1,530,1,0,0,0.213675214,0,0,36.71428571,13,2.5,"0","0"
3.41381537052803,1.41381537052803,0,9.62104592844844,39.0703683432657,1.75855388841592,1,0,1.58618462947197,1.08618462947197,326.977407861967,1,0.413815370528027,0.362088449212024,0.588508716012947,0.413815370528027,0.413815370528027,85.3246187562027,5.58618462947197,2.57465228121097,"1","1"
11,1,0,14,16,0,13,0,11,0.6,144,1,0,0,0.727272727,0,0,11.72727273,4,1.0909,"0","0"
1,1,0,0,2,0,0,0,1,2,14,0,0,0,1,0,0,3,0,0,"0","0"
22.4612451959401,1,0.979034309275448,9.35641674231738,84.7401523301378,229.256035217084,7.0419313814491,0,18.6435832576826,0.880945415652433,1023.63913352974,1,1.12579414434731,0,0.197222608890669,0.979034309275448,0.979034309275448,44.3079011095264,22.7484117113054,3.3814630264869,"1","1"
3,2,0,8,11,0,3,0,3,0,85,1,0,0.846153846,0.666666667,1,1,26.66666667,1,0.6667,"0","0"
16,1,0,11,29,0,10,0,15,0.633333333,243,0.5,0,0,0.238095238,0,0,13.8125,7,1.5625,"0","0"
9,3,0,7,59,0,0,0,7,0.625,491,1,4,0.75,0.263888889,2,2,53,2,1,"1","1"
4,2,0,2,12,0,1,0,4,0,105,1,0,0.846153846,0.55,0,0,24.5,1,0.5,"0","0"
6.59534083772451,2,0.259534083772451,12.5190681675449,30.8241588482633,12.1218292671256,1.5190681675449,0,4.77860225131735,0.662635414268042,1334.05694188084,1,3,0.577860225131735,0.549910400645615,1.25953408377245,2.5572045026347,318.1667683044,2.29767041886225,0.741003350191098,"1","1"
8.87238213652745,1,0,7.31006912677549,34.6141545656137,59.0428660239559,7.31006912677549,0,7.18544310727157,1.43768699024804,440.798566245707,0.562313009751961,0,0,0.564876837584828,0,0,29.4287114583421,4.49850407801569,2.21174576125739,"1","0"
1,1,0,0,2,0,0,0,1,2,5,0,0,0,1,0,0,3,0,0,"0","0"
2,2,1,0,4,1,0,0,1,2,37,0,0,0.9,0.666666667,0,0,17.5,1,0.5,"0","0"
3.72915114602074,1.72915114602074,0,17.3749068761244,64.8951969868504,0.812546561937779,1,0,1,0.90627328096889,519.20141112525,0.72915114602074,0.72915114602074,0.638007252768148,0.598954453505185,0.72915114602074,0.72915114602074,132.814500348536,3.91660458408296,1.27430164997908,"1","1"
37.941234767437,1,0,17.4167492538691,112.985804215074,430.019588410854,4.96082317829132,0,17.1469130814075,0.923401244746876,1616.78167060018,0.981300107325604,4.98041158914566,0,0.170058406304795,0,0,38.9670959325535,6.96082317829132,1.55591102996469,"1","1"
14,1,0,8,19,33,8,0,13,0.782051282,149,1,1,0,0.357142857,0,0,9.214285714,4,1.1429,"0","0"
27,2,2,0,54,351,0,0,26,2,141,0,0,0.543859649,0.314814815,0,0,4.222222222,1,0.963,"0","0"
16.6080135516822,1,0,9.36480813100934,74.5772630153224,96.7696840204298,3.90200338792056,0,11.1452088085935,1.10904255949801,566.158871598542,0.780400677584112,1.56080135516822,0,0.395189474872313,0,0,26.15188677093,9.36480813100934,1.48650721066222,"1","1"
18,2,2,5,59,113,2,0,6,0.935828877,499,0.545454545,0,0.333333333,0.22875817,0,0,26.11111111,15,1.8333,"1","0"
7,1,0,11,35,17,3,0,2,1.055555556,484,0.166666667,1,0,0.333333333,0,0,66.42857143,34,10,"0","0"
5,3,0,3,21,0,2,0,4,0.55,387,0.4,1,0.894736842,0.4,1,1,75.4,14,4.8,"0","1"
24,1,0,0,24,276,0,0,24,2,24,0,0,0,0.358333333,0,0,0,1,1,"0","0"
62,2,0,11,143,1471,1,0,43,0.929903901,1875,0.965517241,0,0.440366972,0.233870968,2,6,28.77419355,15,1.5968,"0","0"
2,2,0,5,10,1,2,0,2,2,36,0,0,0.916666667,0.666666667,1,1,17,1,0.5,"0","0"
12,1,0,16,73,0,2,0,10,0.603305785,616,1,5,0,0.287878788,0,0,49.41666667,3,1,"0","0"
57.3009364707395,1,0,16.7161770137027,140.923797285184,976.812725073658,6.54665809962898,0,48.6780756562948,0.837113855102467,1753.06619547959,0.841813126470456,3.58475945703685,0,0.140656387135297,0,0,29.1807473222539,17.1314175566658,2.12757471913435,"1","1"
13.5214122897014,1,0,11.0995712121949,28.3982848487794,71.8227990749292,8.74411094281822,0,12.8602773570456,1.4501716369754,399.566353707574,0.338865067344159,0.338865067344159,0,0.70976834526191,0,0,20.4451281857952,1.01659520203248,0.470649692034302,"1","1"
13,1,0,16,13,78,14,0,13,2,13,0,0,0,0.292307692,0,0,0,1,1,"0","0"
131,1,0,79,311,6643,51,0,120,0.95625,2701,1,17,0,0.073461538,0,0,19.2519084,22,2.2366,"1","1"
51.4129060795531,2.83180536981672,0,26.4862483283505,147.535261804238,1209.44500771351,11.8134698076174,0,26.7859664643183,0.795092857585409,1350.36178582348,1,10.1498590679839,0.433681039533104,0.229102383642061,1,1,45.9130977692664,7.49541610945016,1.7795697847954,"1","1"
41.8626556461677,1.10686721769162,0,25.0381950407755,155.42014544853,392.733818161767,9,0,4.1373443538323,0.874792343857914,2175.58537730505,0.971877047947768,6.78626556461677,0.0333960055286298,0.148775412894837,0.106867217691615,0.21373443538323,49.3230661243276,10.1450622584671,1.97431855222022,"1","1"
86.6981929885224,1,11.4159531453624,35.4097021622583,148.86941218935,2220.04661960434,28.6192414807156,0,76.3807585192844,0.922637592778477,877.178967237473,0.949460524246097,4.36825655307621,0,0.16445996849191,0,0,9.2835674933476,4.10476965922862,1.10489313705703,"1","1"
29.5645923856646,1,0,19.3837715100963,119.686400570674,206.657083246857,7.19557404820807,0,11.0221297589596,0.829754877273346,1437.7353879998,1,5.79704936547205,0,0.136647351080623,0,0,44.6083618430682,10.398524682736,1.79563576675511,"1","1"
4,2,0,6,8,6,0,0,4,2,22,0,0,0.625,0.625,0,0,4.5,1,0.75,"0","0"
6,3,0,1,22,15,1,0,4,1.12,184,0,0,0.85,0.5,1,1,28.83333333,14,2.8333,"0","0"
219.89507669583,2,0,57.3039652202278,454.686928881798,25470.3957821233,14.9287146255374,0,201.2252727421,0.918616843451855,7008.90476252697,1,10.575991305057,0.301573048071892,0.133621153301786,1.87054466409609,16.6698039537296,46.818101406222,15.446535969153,1.95599129505353,"1","1"
5.38211892498657,1,0.563686487497762,8.38211892498657,13.582670287462,6.07317838747986,4.56368648749776,0,2.69105946249329,1.18529577755602,95.3469081374351,0.402633205194491,1.12737297499552,0,0.677893435957145,0,0,13.9701851296995,1.12737297499552,0.422764865623321,"1","1"
2.52217952813953,1,0,1.41345241898671,8.30617233086377,11.4163464610465,1.41345241898671,0,2.19599820068106,1.89127289084718,91.3064216286875,0.108727109152824,0,0,0.915865927420558,0,0,8.11017413018271,0.869816873222589,0.427656338430801,"1","1"
2,4,0,4,6,1,1,0,2,2,29,0,0,0.975609756,0.666666667,1,1,13.5,1,0.5,"0","0"
1.25414745509624,1,0,0.127073727548122,3.52488473057747,0.381221182644367,0.127073727548122,0,1.25414745509624,2,37.6134786680341,0,0,0,0.936463136225939,0,0,8.33709655702114,1.65195845812559,0.720088691896946,"1","0"
20.1614426104352,1,3.66747036762536,12.2469861214049,44.9734778683633,144.687914100941,9.91686759190634,0,6.58433795953169,0.720408727265253,551.103373576887,0.266505926474929,4.24939722428098,0,0.292229242949302,0,0,22.8904366316249,14.6674703676254,3.33188028564523,"1","1"
6.35151781700552,2,0.335931116715074,10.8242410914972,28.2147256592289,20.6441769776866,1.16796555835754,0,4.33593111671507,0.642540443866504,1498.2733644126,0.923652018852044,2.49610332492739,0.472005740217755,0.45444071457413,0.832034441642463,0.832034441642463,356.336336171689,3.35151781700552,0.723948478958104,"1","1"
11.5512709864415,1.31352081941441,0,14.8811249164864,65.0163331106305,72.0803139614873,9.23775016702712,0,8.55127098644152,0.843239590292796,726.496376753785,1,0.313520819414407,0.274330716987606,0.364288932334857,0.313520819414407,0.313520819414407,84.0170089064632,7.05943754175678,3.17040979011892,"1","1"
6,1,0,9,18,9,8,0,4,0.8,1423,0.333333333,1,0,0.25,0,0,235.6666667,15,4.1667,"0","0"
36.6462130306754,1,0,18.0841652168892,101.787434760015,599.186738866847,5.2524956506677,0,29.5620478137862,0.886101591387481,1279.37787360954,1,2.62624782533385,0,0.196379684691058,0,0,46.7784168209869,17.6262478253338,3.52399053899585,"1","1"
9,1,0,8,29,10,4,0,2,0.569444444,433,0.888888889,4,0,0.303571429,0,0,46.11111111,2,0.8889,"1","1"
9,2,0,3,78,24,0,0,6,0.625,844,1,0,0.80952381,0.55,2,10,92.44444444,19,4.1111,"0","1"
45.3645179711748,1,16.8037015886512,51.5232933973894,89.3365658943076,724.411992188543,44.8597325170413,0,39.5327375310007,0.872468611887489,1051.8989035727,1,4.54205488995649,0,0.183432976557707,0,0,18.991979115594,11.9532864305656,1.65685629087426,"1","1"
6.94286489882506,1.01904503372498,0,7.22854040469974,10.2760172595736,6.86668476392515,6.88572979765013,0,6.88572979765013,0.696190993255004,66.1413447291125,1,0.0190450337249786,0.0166644045093562,0.468140066075178,0.0190450337249786,0.0190450337249786,9.04450406695294,1.07618013489991,0.729263682997716,"1","1"
17.5359363593161,1,0,2.8758150190115,49.0914709363133,209.575019510463,0.359476877376437,0,13.5816907081753,1.59847251469692,535.254550261423,0.0855897326744396,0.718953754752874,0,0.696094427345707,0,0,12.4764223640202,3.59476877376437,0.68836227248814,"1","1"
21,3,3,7,44,2,3,0,12,0.545,317,0.8,0,0.649122807,0.30952381,1,3,13.61904762,4,1.5238,"0","0"
6,1,0,14,29,0,11,0,2,0.828571429,309,1,2,0,0.333333333,0,0,49.33333333,5,1.6667,"0","0"
56,1,0,49,89,1310,40,0,56,0.956473829,583,1,24,0,0.1375,0,0,8.821428571,5,1.1964,"0","1"
10,1,0,5,15,27,5,0,9,0.777777778,101,0,1,0,0.240740741,0,0,8.8,1,0.8,"0","0"
65.7506057471037,1.0299510715995,0,20.3178471503779,154.021994348615,1923.96129553067,8.26955964439549,0,57.3612418163102,0.829750613547376,2016.39041140373,1,4.23960857279599,0.00647844494097879,0.134530144902397,0.0599021431989968,0.569070360390469,29.1655901587892,18.940097856801,2.17852280407988,"1","1"
15,1,1,0,27,73,0,0,15,0.857142857,145,1,2,0,0.255555556,0,0,8.4,9,1.8,"0","0"
2,3,0,3,3,1,1,0,2,2,9,0,0,0.975,0.666666667,0,0,3.5,1,0.5,"0","0"
2,4,0,5,5,1,1,0,2,2,24,0,0,0.975609756,0.666666667,0,0,11,1,0.5,"0","0"
2,1,1,0,3,1,0,0,2,2,5,0,0,0,0.75,0,0,1.5,1,0.5,"0","0"
13,1,2,0,19,72,0,0,12,0.966666667,157,1,3,0,0.653846154,0,0,10.30769231,5,1.8462,"0","0"
25.166245586006,1.7828410428483,1.56568208569661,12.6005635003094,91.139525658451,305.402836036403,2.43431791430339,0,12.9490866288543,0.929616685632602,953.948015232803,0.644163161985843,1.95443061436526,0.260947014021821,0.199059908420826,0,0,31.1157025029194,20.6461328859441,2.33363423727751,"1","0"
18,1,0,9,43,29,2,0,16,0.735294118,1050,1,6,0,0.218487395,0,0,56.33333333,4,1.0556,"0","0"
9,1,0,1,10,36,0,0,9,2,12,0,0,0,0.444444444,0,0,0.333333333,1,0.8889,"0","0"
3.28854260966182,1,0,2.28854260966182,9.72383130760863,2.86067826207727,1.14427130483091,0,1.28606782620773,1.59076408182569,130.292758312076,0.254282512216432,1.14427130483091,0,0.800774192585076,0,0,15.3327018406375,0.572135652415454,0.254285690716049,"1","1"
4,1,0,2,16,4,0,0,2,0.666666667,863,1,0,0,0.875,0,0,213.75,10,4,"0","0"
3.47678857110441,1.1230657142587,0.738394285552204,4.3846714287065,9.78408857015893,8.38394285552204,3.5077371429652,0,1.1230657142587,1.67557787755089,139.917528558057,0.123065714258701,0,0.0615328571293503,0.922914882323498,0.123065714258701,0.123065714258701,19.733816937648,0.492262857034802,0.14943869682434,"1","1"
4,2,0,16.4965031342581,56.6873098928481,0.715284818783402,1,0,2.0729272281751,0.529803533996761,1019.1009539552,1,1.7152848187834,0.740884096478112,0.607059598648836,1,1,253.096417284105,3.5694303624332,1.1423575906083,"1","1"
2,1,0,0,2,1,0,0,2,2,2,0,0,0,1,0,0,0,1,1,"0","0"
4.62698810733855,1,0,2.83851243183017,12.4078789167106,24.6004410758615,2.05003675632179,0,3.83851243183017,1.8249003851008,112.41314160265,0.157695135101676,0.630780540406704,0,0.879633665019234,0,0,6.16047333318841,2.05003675632179,0.302254265449382,"1","1"
12.7059683115222,1.92363185691647,0,11.8472637138329,36.3572108997032,251.341987167718,1,0,11.6368143083528,0.609696660403159,1658.7612027349,0.993890548553318,3.07636814308353,0.461815928458236,0.471784730388014,0.923631856916472,0.923631856916472,391.354465319039,1.15273628616706,0.541422080808505,"1","1"
37.1124432436191,1,0,20.9091971800663,145.636788720265,344.151482965797,7.2032460635528,0,4.09621292585507,0.837226789909991,2063.33776452858,1,5.80216404236853,0,0.181621800960862,0,0,55.745107526676,23.8767365445383,2.73389834205657,"1","1"
2,1,0,3,2,1,2,0,2,2,2,0,0,0,0.75,0,0,0,1,1,"0","0"
3,3,0,4,7,3,1,0,3,1.5,17,1,0,0.933333333,0.555555556,1,1,4.333333333,1,0.6667,"0","0"
6,1,0,0,7,5,0,0,6,0.8,44,1,0,0,0.375,0,0,5.5,1,0.8333,"0","0"
2,5,0,2,5,1,0,0,2,2,11,0,0,0.985507246,1,1,1,4.5,1,0.5,"0","0"
6,2,0,1,11,15,1,0,5,2,31,0,0,0.615384615,0.4,0,0,4.166666667,1,0.8333,"0","0"
35,1,0,31,87,493,18,0,33,0.966751918,573,0.695652174,7,0,0.142156863,0,0,14.71428571,21,1.5714,"0","1"
14,1,0,8,19,33,8,0,13,0.782051282,149,1,1,0,0.357142857,0,0,9.214285714,4,1.1429,"0","0"
29.9846798893996,1,0,17.3908079336397,112.969917290844,215.314764892682,3.31253484450281,0,22.5314764892682,1.06302585862412,1059.82340632938,0.828133711125702,2.4844011333771,0,0.355238753125789,0,0,28.7871636168066,9.93760453350842,2.16233993312032,"1","1"
6.84600979089737,1.38466340303421,0.61533659696579,7.53802937269211,19.0766829848289,6.1533659696579,3.46134638786316,0,4.38466340303421,0.692498657596501,101.076058745384,0.82418954354825,1.23067319393158,0.0769326806068421,0.41758104589131,0,0,13.5387004300952,2,0.923098531365395,"1","1"
109.742988692597,1.09382967394777,0.469148369738832,11.4074451092165,200.617032605223,2986.82459359197,1.37531869579107,0,96.3059667362832,0.926084152893131,1138.32534531807,0.927506373915821,4,0.0390956975095126,0.134789048983917,0.0938296739477664,0.0938296739477664,10.5654242638065,3.65680771763436,1.10722692173051,"1","1"
41,1,0,17,92,658,6,0,20,0.84375,2453,1,2,0,0.194642857,0,0,58.73170732,10,3.7073,"0","1"
30,2,0,48,180,263,1,0,17,0.845648604,2215,1,8,0.377777778,0.150862069,1,2,72.13333333,4,1.1667,"0","0"
16,1,0,4,22,68,4,0,16,0.847619048,131,1,0,0,0.71875,0,0,6.75,1,0.9375,"0","0"
64.1604009279981,1,0,48.1764410207979,195.568588027731,1136.97409930127,29.8324142922647,0,45.6808686773293,0.891342253893373,1847.58178970031,1,9.68805345706642,0,0.1273373154559,0,0,30.8088007462405,16.3761069141328,2.32946474431464,"1","1"
1.30727221630514,1.05586767569184,0,0.111735351383686,5.26825902797282,1.11735351383686,0.111735351383686,0,1.05586767569184,1.96741052250378,41.9898624960333,0.018622558573259,0,0.0197180031869996,0.978958927343731,0.055867675691843,0.111735351383686,5.64440331617368,0.0279338378459215,0.0232772670770064,"1","1"
32,1,2,0,63,0,0,0,32,0,185,1,1,0,0.3359375,0,0,4.75,2,1,"0","0"
8,2,0,3,15,0,2,0,8,0.571428571,125,1,0,0.631578947,0.6875,0,0,14.25,6,1.5,"0","0"
57,1,0,42,187,0,1,0,2,0.68877551,4114,1,6,0,0.224561404,0,0,70.92982456,22,1.7719,"1","1"
2,4,0,4,6,1,1,0,2,2,29,0,0,0.975609756,0.666666667,1,1,13.5,1,0.5,"0","0"
38.8162296768278,1.43513465439901,0,30.4270376032218,153.043302854523,623.913927908055,3.56486534560099,0,27.5567682944238,0.875894724748411,1832.94948945614,1,5.95405741920695,0.21226080700268,0.138994542675093,0.435134654399008,0.435134654399008,43.1669912530066,26.6405564048328,3.33969817848662,"1","1"
3,3,0,4,9,3,1,0,3,2,63,0,0,0.951219512,0.666666667,0,0,20,1,0.6667,"0","0"
6.76968764979392,1,0,16.6679865438491,82.7756270971149,14.7447573272511,0.641076405532658,0,2.28215281106532,1.28769288281272,691.642690970562,0.53423033773019,1.28215281106532,0,0.548872158879662,0,0,68.3897933643311,14.1036809217185,2.6284132626839,"1","1"
2,1,1,0,3,1,0,0,2,2,5,0,0,0,1,0,0,1.5,1,0.5,"0","0"
9.52947185607627,1.76473592803814,0.235264071961865,10.2352640719619,27.8826233523432,29.1183982009534,2.70579221588559,0,7.82367964019068,0.852612342835935,150.825211970136,0.626887322442709,0.47052814392373,0.705910087360991,0.349366636125449,1.52947185607627,1.52947185607627,14.1295101643249,1.23526407196186,0.86471038920572,"1","1"
6.90043937740847,2.58008787548169,0,9.09956062259153,43.4632513928227,0.83982424903661,0.419912124518305,0,5.74026362644508,0.607503661338433,998.673758542631,1,3.58008787548169,0.645021968870424,0.363034807242387,1.58008787548169,1.58008787548169,208.367486071773,1.58008787548169,0.790043937740847,"1","1"
11.8590639028698,1.80352340242825,0,20.3753361830022,93.6828937814571,84.0919837607071,2.57181278057396,0,1.19647659757175,0.57478295302163,978.136224420974,1,2.17885958543047,0.703082977124723,0.563512991750138,0.803523402428254,0.803523402428254,137.637757640012,6.17885958543047,1.61609802150514,"1","1"
2,5,0,2,5,1,0,0,2,2,11,0,0,0.985507246,1,1,1,4.5,1,0.5,"0","0"
9,1,0,8,26,32,7,0,7,0.5,230,1,0,0,0.625,0,0,24.33333333,5,1.4444,"0","0"
2,1,0,3,2,1,2,0,2,2,2,0,0,0,0.75,0,0,0,1,1,"0","0"
9,1,0,17,53,30,2,0,3,0.958333333,624,1,1,0,0.266666667,0,0,67.66666667,16,5.1111,"1","0"
12,1,0,2,41,20,1,0,9,0.87012987,354,0.571428571,0,0,0.375,0,0,27.91666667,4,1.75,"0","0"
47.2931344949175,1,0,38.1995224689599,195.455761712743,898.914631362772,3.89408955699764,0,34.3990449379198,0.87542741156164,2461.92967757606,1,9.10591044300236,0,0.118568391145436,0,0,52.6352939657347,38.352238924941,4.03008685854871,"1","1"
5,1,0,0,7,8,0,0,4,0.75,23,0,1,0,0.75,0,0,3.4,1,0.6,"0","0"
8,1,0,7,22,12,3,0,7,0.828571429,91,1,2,0,0.392857143,0,0,9.75,1,0.75,"0","0"
58,1,0,20,133,0,15,0,56,0.043859649,1008,1,2,0,0.256140351,0,0,16.34482759,4,2.1034,"0","0"
12,3,0,3,33,0,2,0,12,0.838383838,241,1,4,0.760869565,0.285714286,2,3,18.33333333,3,1.75,"0","0"
130,2,0,64,270,6759,56,0,123,0.915503876,2700,1,6,0.118881119,0.069232825,0,0,19.53846154,8,1.2692,"0","1"
2.79229074483737,1.59743024827912,0,11.3511747173034,46.2098383726552,0,0.597430248279124,0,1,1.10385462758131,385.978486664128,0.597430248279124,0.597430248279124,0.522751467244234,0.800856584106102,0.597430248279124,0.597430248279124,95.9004036074039,2.98715124139562,0.896145372418687,"1","1"
37.4934202581644,1.26026318967342,0,21.8357889652252,139.713417842984,344.976042494178,7.17815767228603,0,4.86289508640766,0.881326295360432,1891.74546901882,1,5.43842086195946,0.192194355331022,0.188645598974431,0.260263189673424,1.30131594836712,45.9479600638035,12.0410527586937,2.21790843656063,"1","1"
9,1,0,5,9,36,4,0,9,2,9,0,0,0,0.416666667,0,0,0,1,1,"0","0"
6,2,0,9,13,0,8,0,6,0.4,100,1,0,0.705882353,0.666666667,0,0,15.33333333,5,1.5,"0","0"
1,6,0,1,7,0,1,0,1,2,17,0,0,1,1,0,0,16,0,0,"0","0"
10,1,0,10,43,0,3,0,6,0.481481481,257,1,3,0,0.35,0,0,24.4,3,1.3,"0","0"
15.3555884070229,1,0,11.2685883236118,53.8775889074896,85.9038844038732,4.90794120100327,0,2,0.625950293753677,783.10212710686,0.909065360113229,4.54476472060196,0,0.274168228966698,0,0,47.2382421570299,3.63429416180588,1.10716906472119,"1","1"
83.3841085382737,1,0.31468992237933,10.3146899223793,150.523604670307,2242.05492281052,2.25875968951732,0,72.531007762067,0.86754338225262,828.946201656945,0.855263787306341,3.37062015524134,0,0.22432483579392,0,0,9.56471398288572,2.68531007762067,0.950384666696284,"1","1"
9,2,0,38,15,0,38,0,9,0.666666667,57,1,3,0.529411765,0.253968254,0,0,5,1,0.8889,"1","0"
17,2,2,0,21,136,0,0,17,1.0625,60,0,0,0.483870968,0.189542484,0,0,1.764705882,1,0.9412,"0","0"
