1,1,ant,DecisionTree,0.191762528139849
1,1,ant,NaiveBayesian,0.0960742006506199
1,1,ant,RandomForest,0.317794176085916
1,1,ant,SVM,0.1544119755448
1,1,ant,Which,0.120046439377746
1,2,ant,DecisionTree,0.68896460301803
1,2,ant,NaiveBayesian,0.387128510449416
1,2,ant,RandomForest,0.968521378426886
1,2,ant,SVM,0.77491655275363
1,2,ant,Which,0.544988848489357
1,3,ant,DecisionTree,0.979636662983277
1,3,ant,NaiveBayesian,0.115821912251411
1,3,ant,RandomForest,1.0813476733481
1,3,ant,SVM,0.377869705313898
1,3,ant,Which,0.263694610479293
1,4,ant,DecisionTree,0.846918746072968
1,4,ant,NaiveBayesian,0.236187794197011
1,4,ant,RandomForest,0.909110359316994
1,4,ant,SVM,0.604170967554978
1,4,ant,Which,0.628525175536929
1,5,ant,DecisionTree,0.423492864197351
1,5,ant,NaiveBayesian,0.203088458169248
1,5,ant,RandomForest,0.593021806346377
1,5,ant,SVM,0.39106362191676
1,5,ant,Which,0.426252396360798
2,1,ant,DecisionTree,0.191871981707224
2,1,ant,NaiveBayesian,0.0735150632520107
2,1,ant,RandomForest,0.260262658997941
2,1,ant,SVM,0.127282507985188
2,1,ant,Which,0.139984506568666
2,2,ant,DecisionTree,0.675352308021284
2,2,ant,NaiveBayesian,0.23344045137486
2,2,ant,RandomForest,0.956066437259829
2,2,ant,SVM,0.595172242072673
2,2,ant,Which,0.749699876136938
2,3,ant,DecisionTree,0.727323783717258
2,3,ant,NaiveBayesian,0.131648854175116
2,3,ant,RandomForest,0.74468140219388
2,3,ant,SVM,0.351226024509069
2,3,ant,Which,0.245845765413845
2,4,ant,DecisionTree,0.578309861285639
2,4,ant,NaiveBayesian,0.193924638348662
2,4,ant,RandomForest,0.815671165249512
2,4,ant,SVM,0.442318914000416
2,4,ant,Which,0.324644174220124
2,5,ant,DecisionTree,0.761966096932661
2,5,ant,NaiveBayesian,0.427582109183311
2,5,ant,RandomForest,0.887072478904882
2,5,ant,SVM,0.740420269221131
2,5,ant,Which,0.466894668290224
3,1,ant,DecisionTree,0.719897245813753
3,1,ant,NaiveBayesian,0.313064803086539
3,1,ant,RandomForest,0.956976041016193
3,1,ant,SVM,0.518197854444283
3,1,ant,Which,0.493061107576625
3,2,ant,DecisionTree,0.230395020761497
3,2,ant,NaiveBayesian,0.074654892710745
3,2,ant,RandomForest,0.241627150308015
3,2,ant,SVM,0.142605943674463
3,2,ant,Which,0.226478384831572
3,3,ant,DecisionTree,0.502243684865396
3,3,ant,NaiveBayesian,0.174803793632413
3,3,ant,RandomForest,0.690624724412407
3,3,ant,SVM,0.478864169964364
3,3,ant,Which,0.263226869942586
3,4,ant,DecisionTree,0.845810767436034
3,4,ant,NaiveBayesian,0.226397520841713
3,4,ant,RandomForest,0.51205363683023
3,4,ant,SVM,0.449288068069872
3,4,ant,Which,0.302787208485341
3,5,ant,DecisionTree,0.599843554323037
3,5,ant,NaiveBayesian,0.185791730289123
3,5,ant,RandomForest,0.814675022038621
3,5,ant,SVM,0.593841543026439
3,5,ant,Which,0.418651095714981
4,1,ant,DecisionTree,0.326013618169877
4,1,ant,NaiveBayesian,0.0573318925191467
4,1,ant,RandomForest,0.286909526580044
4,1,ant,SVM,0.113816199040071
4,1,ant,Which,0.129206821239361
4,2,ant,DecisionTree,0.682881212853786
4,2,ant,NaiveBayesian,0.289059022682198
4,2,ant,RandomForest,0.779975140914268
4,2,ant,SVM,0.572304984931528
4,2,ant,Which,0.546383349784376
4,3,ant,DecisionTree,0.625769524520874
4,3,ant,NaiveBayesian,0.277176106302378
4,3,ant,RandomForest,0.861585651299864
4,3,ant,SVM,0.540878859907062
4,3,ant,Which,0.431246532736465
4,4,ant,DecisionTree,0.545785717209659
4,4,ant,NaiveBayesian,0.247767610603043
4,4,ant,RandomForest,0.829757467369828
4,4,ant,SVM,0.523143743244483
4,4,ant,Which,0.407695220944994
4,5,ant,DecisionTree,0.823232474368937
4,5,ant,NaiveBayesian,0.201241957292908
4,5,ant,RandomForest,0.971489477882445
4,5,ant,SVM,0.628530031869041
4,5,ant,Which,0.519912725740933
5,1,ant,DecisionTree,0.810241807100779
5,1,ant,NaiveBayesian,0.140761517927032
5,1,ant,RandomForest,0.819669951060233
5,1,ant,SVM,0.258608849817729
5,1,ant,Which,0.420316101843574
5,2,ant,DecisionTree,0.825032504016612
5,2,ant,NaiveBayesian,0.225548140629488
5,2,ant,RandomForest,0.935921101903733
5,2,ant,SVM,0.513997905745278
5,2,ant,Which,0.359079848594012
5,3,ant,DecisionTree,0.204958986131231
5,3,ant,NaiveBayesian,0.0837356638064833
5,3,ant,RandomForest,0.219439777782161
5,3,ant,SVM,0.164284317631946
5,3,ant,Which,0.0936133088035363
5,4,ant,DecisionTree,0.658923643882688
5,4,ant,NaiveBayesian,0.333550137236819
5,4,ant,RandomForest,0.841183027665242
5,4,ant,SVM,0.618472788631812
5,4,ant,Which,0.572636967232363
5,5,ant,DecisionTree,0.655465355245305
5,5,ant,NaiveBayesian,0.178224274874058
5,5,ant,RandomForest,0.928828918918405
5,5,ant,SVM,0.631603067486762
5,5,ant,Which,0.434114451510776
1,1,camel,DecisionTree,0.592830376870707
1,1,camel,NaiveBayesian,0.338830370202902
1,1,camel,RandomForest,0.817888506633487
1,1,camel,SVM,0.584995064010844
1,1,camel,Which,0.553937240656482
1,2,camel,DecisionTree,0.668114855288097
1,2,camel,NaiveBayesian,0.196199702511169
1,2,camel,RandomForest,1.02060543493181
1,2,camel,SVM,0.447743688238655
1,2,camel,Which,0.268381651897858
1,3,camel,DecisionTree,0.776691597174344
1,3,camel,NaiveBayesian,0.22360621381341
1,3,camel,RandomForest,0.973300022358047
1,3,camel,SVM,0.667379317684457
1,3,camel,Which,0.445120173462762
1,4,camel,DecisionTree,0.184293357755829
1,4,camel,NaiveBayesian,0.0704204865216159
1,4,camel,RandomForest,0.261521766566787
1,4,camel,SVM,0.11628640098275
1,4,camel,Which,0.187372230728376
1,5,camel,DecisionTree,1.01997966728715
1,5,camel,NaiveBayesian,0.183244848630219
1,5,camel,RandomForest,1.06371805401184
1,5,camel,SVM,0.375627119747395
1,5,camel,Which,0.316811606671078
2,1,camel,DecisionTree,0.749887183659517
2,1,camel,NaiveBayesian,0.243415641445455
2,1,camel,RandomForest,0.964417175929961
2,1,camel,SVM,0.717565020336577
2,1,camel,Which,0.35883123595016
2,2,camel,DecisionTree,0.633091396930775
2,2,camel,NaiveBayesian,0.299670692755919
2,2,camel,RandomForest,0.911320919128029
2,2,camel,SVM,0.502711897346053
2,2,camel,Which,0.499291684096478
2,3,camel,DecisionTree,0.632758126044902
2,3,camel,NaiveBayesian,0.167932590393931
2,3,camel,RandomForest,0.45437677727409
2,3,camel,SVM,0.35348936210297
2,3,camel,Which,0.334552635799204
2,4,camel,DecisionTree,0.236707747330655
2,4,camel,NaiveBayesian,0.107118810362039
2,4,camel,RandomForest,0.64313246882169
2,4,camel,SVM,0.191610118208755
2,4,camel,Which,0.151223728000085
2,5,camel,DecisionTree,0.584529917651156
2,5,camel,NaiveBayesian,0.116336126870137
2,5,camel,RandomForest,0.837847063835645
2,5,camel,SVM,0.417023416989306
2,5,camel,Which,0.40276997368307
3,1,camel,DecisionTree,0.683406446002363
3,1,camel,NaiveBayesian,0.249902375215902
3,1,camel,RandomForest,0.957716324722594
3,1,camel,SVM,0.413145636530489
3,1,camel,Which,0.404535047610573
3,2,camel,DecisionTree,0.330977057201244
3,2,camel,NaiveBayesian,0.0692936501606825
3,2,camel,RandomForest,0.34655065889952
3,2,camel,SVM,0.129152175694827
3,2,camel,Which,0.107663403199206
3,3,camel,DecisionTree,0.540134569113798
3,3,camel,NaiveBayesian,0.344818957089727
3,3,camel,RandomForest,0.867139805972108
3,3,camel,SVM,0.585415789699302
3,3,camel,Which,0.477916064218977
3,4,camel,DecisionTree,0.675137402806779
3,4,camel,NaiveBayesian,0.337598084959634
3,4,camel,RandomForest,0.961560466311475
3,4,camel,SVM,0.676698020000003
3,4,camel,Which,0.726333405561941
3,5,camel,DecisionTree,0.581802891910175
3,5,camel,NaiveBayesian,0.0833355387060263
3,5,camel,RandomForest,0.749173943432022
3,5,camel,SVM,0.485848874580961
3,5,camel,Which,0.380475799246163
4,1,camel,DecisionTree,0.706260592137277
4,1,camel,NaiveBayesian,0.219678509095788
4,1,camel,RandomForest,0.930232882371449
4,1,camel,SVM,0.605936305545082
4,1,camel,Which,0.457853508388393
4,2,camel,DecisionTree,0.774418552925147
4,2,camel,NaiveBayesian,0.18620469740439
4,2,camel,RandomForest,0.840291292025688
4,2,camel,SVM,0.386502810859491
4,2,camel,Which,0.365504474598496
4,3,camel,DecisionTree,0.219010648000732
4,3,camel,NaiveBayesian,0.0871684752127009
4,3,camel,RandomForest,0.277034423570775
4,3,camel,SVM,0.174126807444885
4,3,camel,Which,0.187086245578727
4,4,camel,DecisionTree,0.808603478447989
4,4,camel,NaiveBayesian,0.350618286028713
4,4,camel,RandomForest,0.986438256043062
4,4,camel,SVM,0.675737700812896
4,4,camel,Which,0.433844627550541
4,5,camel,DecisionTree,0.518556256297163
4,5,camel,NaiveBayesian,0.200339516500444
4,5,camel,RandomForest,0.983660779236326
4,5,camel,SVM,0.42672090071026
4,5,camel,Which,0.364701368023754
5,1,camel,DecisionTree,0.62579396478399
5,1,camel,NaiveBayesian,0.0945223842406201
5,1,camel,RandomForest,0.818839026904901
5,1,camel,SVM,0.304726575518825
5,1,camel,Which,0.169525544719596
5,2,camel,DecisionTree,0.600197862735679
5,2,camel,NaiveBayesian,0.224115338763348
5,2,camel,RandomForest,0.921553421791463
5,2,camel,SVM,0.428178638020617
5,2,camel,Which,0.563050719010606
5,3,camel,DecisionTree,0.206757999246413
5,3,camel,NaiveBayesian,0.114985289119969
5,3,camel,RandomForest,0.243512106569624
5,3,camel,SVM,0.188087827565269
5,3,camel,Which,0.133086271225637
5,4,camel,DecisionTree,0.743273294105102
5,4,camel,NaiveBayesian,0.321616293966488
5,4,camel,RandomForest,0.984978202121326
5,4,camel,SVM,0.724893696425273
5,4,camel,Which,0.524338220407006
5,5,camel,DecisionTree,0.60635848805735
5,5,camel,NaiveBayesian,0.222473540627982
5,5,camel,RandomForest,0.69419872621289
5,5,camel,SVM,0.521193831407094
5,5,camel,Which,0.634605703579372
1,1,ivy,DecisionTree,0.531851384384513
1,1,ivy,NaiveBayesian,0.189644515805402
1,1,ivy,RandomForest,0.773447916639157
1,1,ivy,SVM,0.497158355983212
1,1,ivy,Which,0.548341221520847
1,2,ivy,DecisionTree,0.607689883157213
1,2,ivy,NaiveBayesian,0.278742703472608
1,2,ivy,RandomForest,0.808931190798032
1,2,ivy,SVM,0.560637539275445
1,2,ivy,Which,0.520065525235977
1,3,ivy,DecisionTree,0.894120043852103
1,3,ivy,NaiveBayesian,0.331418214864751
1,3,ivy,RandomForest,0.997832145808395
1,3,ivy,SVM,0.597201330377264
1,3,ivy,Which,0.487039595645588
1,4,ivy,DecisionTree,0.279056557631704
1,4,ivy,NaiveBayesian,0.0511364714591789
1,4,ivy,RandomForest,0.253918542650877
1,4,ivy,SVM,0.138658984439216
1,4,ivy,Which,0.122334686264931
1,5,ivy,DecisionTree,0.802644291425182
1,5,ivy,NaiveBayesian,0.346092858753937
1,5,ivy,RandomForest,0.850038471597681
1,5,ivy,SVM,0.621958633551331
1,5,ivy,Which,0.545864639355595
2,1,ivy,DecisionTree,0.604815414387432
2,1,ivy,NaiveBayesian,0.380875708326114
2,1,ivy,RandomForest,0.861730424018349
2,1,ivy,SVM,0.660550241570841
2,1,ivy,Which,0.662569430160652
2,2,ivy,DecisionTree,0.674295756714164
2,2,ivy,NaiveBayesian,0.23945394905909
2,2,ivy,RandomForest,0.787390093855549
2,2,ivy,SVM,0.528904884347646
2,2,ivy,Which,0.436854188200086
2,3,ivy,DecisionTree,0.181161751209835
2,3,ivy,NaiveBayesian,0.0499133008134874
2,3,ivy,RandomForest,0.256884889577572
2,3,ivy,SVM,0.129159428255203
2,3,ivy,Which,0.133845479594201
2,4,ivy,DecisionTree,0.812933793757608
2,4,ivy,NaiveBayesian,0.174962311421905
2,4,ivy,RandomForest,1.00214515240398
2,4,ivy,SVM,0.361418510833034
2,4,ivy,Which,0.285295849966461
2,5,ivy,DecisionTree,0.606016279194435
2,5,ivy,NaiveBayesian,0.230390839021266
2,5,ivy,RandomForest,1.03095640406984
2,5,ivy,SVM,0.528825058691869
2,5,ivy,Which,0.40404151073648
3,1,ivy,DecisionTree,0.20399211276117
3,1,ivy,NaiveBayesian,0.0472570903713432
3,1,ivy,RandomForest,0.292620209205251
3,1,ivy,SVM,0.167135629049957
3,1,ivy,Which,0.146571790438019
3,2,ivy,DecisionTree,0.632069156148196
3,2,ivy,NaiveBayesian,0.292435477597456
3,2,ivy,RandomForest,0.853741654180445
3,2,ivy,SVM,0.482461322331673
3,2,ivy,Which,0.554349081933167
3,3,ivy,DecisionTree,0.711630898255166
3,3,ivy,NaiveBayesian,0.126194953767096
3,3,ivy,RandomForest,0.841212565991373
3,3,ivy,SVM,0.314183230776217
3,3,ivy,Which,0.328808374760552
3,4,ivy,DecisionTree,0.669307384452015
3,4,ivy,NaiveBayesian,0.360509172104218
3,4,ivy,RandomForest,1
3,4,ivy,SVM,0.659415083301224
3,4,ivy,Which,0.288351988904806
3,5,ivy,DecisionTree,0.768404752697523
3,5,ivy,NaiveBayesian,0.334311924705292
3,5,ivy,RandomForest,0.838522282813992
3,5,ivy,SVM,0.627440773177019
3,5,ivy,Which,0.556090816244776
4,1,ivy,DecisionTree,0.598640171942626
4,1,ivy,NaiveBayesian,0.188658421077023
4,1,ivy,RandomForest,0.712607613702728
4,1,ivy,SVM,0.45283170839846
4,1,ivy,Which,0.35688529030138
4,2,ivy,DecisionTree,0.646012856635939
4,2,ivy,NaiveBayesian,0.328174811386048
4,2,ivy,RandomForest,1.02076358665797
4,2,ivy,SVM,0.682900416345528
4,2,ivy,Which,0.405010246118861
4,3,ivy,DecisionTree,0.323176430022196
4,3,ivy,NaiveBayesian,0.0851607120183441
4,3,ivy,RandomForest,0.244314723254748
4,3,ivy,SVM,0.181975215259596
4,3,ivy,Which,0.185486682051242
4,4,ivy,DecisionTree,0.872492140319938
4,4,ivy,NaiveBayesian,0.207367935426793
4,4,ivy,RandomForest,0.951215863216712
4,4,ivy,SVM,0.490837035011766
4,4,ivy,Which,0.505024065319211
4,5,ivy,DecisionTree,0.654946246220368
4,5,ivy,NaiveBayesian,0.235027608425773
4,5,ivy,RandomForest,0.934208875941658
4,5,ivy,SVM,0.466796493489519
4,5,ivy,Which,0.460942008047664
5,1,ivy,DecisionTree,0.221308985966868
5,1,ivy,NaiveBayesian,0.100040246068817
5,1,ivy,RandomForest,0.270502387470818
5,1,ivy,SVM,0.176938816820479
5,1,ivy,Which,0.162032060486531
5,2,ivy,DecisionTree,0.698744439972032
5,2,ivy,NaiveBayesian,0.346428721859773
5,2,ivy,RandomForest,0.969135000343958
5,2,ivy,SVM,0.526364363539741
5,2,ivy,Which,0.424846590036415
5,3,ivy,DecisionTree,0.830388755431705
5,3,ivy,NaiveBayesian,0.232034676881945
5,3,ivy,RandomForest,0.924072981064155
5,3,ivy,SVM,0.571237654104246
5,3,ivy,Which,0.571440227684724
5,4,ivy,DecisionTree,0.567716597425996
5,4,ivy,NaiveBayesian,0.159997761310325
5,4,ivy,RandomForest,0.45056760562577
5,4,ivy,SVM,0.324939557687094
5,4,ivy,Which,0.257412357530898
5,5,ivy,DecisionTree,0.736925942132194
5,5,ivy,NaiveBayesian,0.21797296199161
5,5,ivy,RandomForest,0.8258871611756
5,5,ivy,SVM,0.629367037786494
5,5,ivy,Which,0.560158653467496
1,1,jedit,DecisionTree,1.08085300814295
1,1,jedit,NaiveBayesian,0.192143060115802
1,1,jedit,RandomForest,0.992536183548952
1,1,jedit,SVM,0.406173828036593
1,1,jedit,Which,0.35445164423185
1,2,jedit,DecisionTree,0.648950850332537
1,2,jedit,NaiveBayesian,0.221700971069487
1,2,jedit,RandomForest,0.884957046839224
1,2,jedit,SVM,0.713035151379957
1,2,jedit,Which,0.40254618153454
1,3,jedit,DecisionTree,0.209041199265943
1,3,jedit,NaiveBayesian,0.125817492832675
1,3,jedit,RandomForest,0.285830434175496
1,3,jedit,SVM,0.192117587560001
1,3,jedit,Which,0.145652277867496
1,4,jedit,DecisionTree,0.577721459184591
1,4,jedit,NaiveBayesian,0.253207604359485
1,4,jedit,RandomForest,0.913074836463809
1,4,jedit,SVM,0.438022191698483
1,4,jedit,Which,0.564756010735838
1,5,jedit,DecisionTree,0.43355361673739
1,5,jedit,NaiveBayesian,0.151126065752834
1,5,jedit,RandomForest,0.653857401980632
1,5,jedit,SVM,0.364936081247658
1,5,jedit,Which,0.41999721922677
2,1,jedit,DecisionTree,0.577216014597683
2,1,jedit,NaiveBayesian,0.376171462471432
2,1,jedit,RandomForest,1.00156415796928
2,1,jedit,SVM,0.681551057139968
2,1,jedit,Which,0.429672195963607
2,2,jedit,DecisionTree,0.174777155606709
2,2,jedit,NaiveBayesian,0.0688766951937042
2,2,jedit,RandomForest,0.262926708652134
2,2,jedit,SVM,0.153299022507625
2,2,jedit,Which,0.180895775815357
2,3,jedit,DecisionTree,0.715553648250896
2,3,jedit,NaiveBayesian,0.270848963175771
2,3,jedit,RandomForest,0.965254569588593
2,3,jedit,SVM,0.66874209079322
2,3,jedit,Which,0.405482187315498
2,4,jedit,DecisionTree,0.637676802710485
2,4,jedit,NaiveBayesian,0.222851852874783
2,4,jedit,RandomForest,0.792331497893417
2,4,jedit,SVM,0.481401187127086
2,4,jedit,Which,0.433312809422474
2,5,jedit,DecisionTree,0.926002006585393
2,5,jedit,NaiveBayesian,0.141594192554362
2,5,jedit,RandomForest,1.05877390958671
2,5,jedit,SVM,0.285971861240359
2,5,jedit,Which,0.340548526234328
3,1,jedit,DecisionTree,0.76187427767474
3,1,jedit,NaiveBayesian,0.306953947639928
3,1,jedit,RandomForest,0.800113282907142
3,1,jedit,SVM,0.612979554930723
3,1,jedit,Which,0.433184653402656
3,2,jedit,DecisionTree,0.608048954425914
3,2,jedit,NaiveBayesian,0.270335686464985
3,2,jedit,RandomForest,0.854724087666195
3,2,jedit,SVM,0.513491640880573
3,2,jedit,Which,0.459646472934707
3,3,jedit,DecisionTree,0.173075177180269
3,3,jedit,NaiveBayesian,0.0822100717463649
3,3,jedit,RandomForest,0.404298294002795
3,3,jedit,SVM,0.17384376253384
3,3,jedit,Which,0.209078862619828
3,4,jedit,DecisionTree,0.768827563583991
3,4,jedit,NaiveBayesian,0.274014630348171
3,4,jedit,RandomForest,0.97419760060252
3,4,jedit,SVM,0.551453797220032
3,4,jedit,Which,0.666725345301614
3,5,jedit,DecisionTree,0.9867943410436
3,5,jedit,NaiveBayesian,0.145987441446403
3,5,jedit,RandomForest,0.556753409827625
3,5,jedit,SVM,0.380694246683097
3,5,jedit,Which,0.207007634323541
4,1,jedit,DecisionTree,0.598521506483997
4,1,jedit,NaiveBayesian,0.207759773991888
4,1,jedit,RandomForest,0.541975441300925
4,1,jedit,SVM,0.366717646715157
4,1,jedit,Which,0.218008967673147
4,2,jedit,DecisionTree,0.597248542051797
4,2,jedit,NaiveBayesian,0.238410396890809
4,2,jedit,RandomForest,0.772177300784354
4,2,jedit,SVM,0.514740518794391
4,2,jedit,Which,0.39483804382202
4,3,jedit,DecisionTree,0.754221142585672
4,3,jedit,NaiveBayesian,0.351832458356641
4,3,jedit,RandomForest,0.842809659411434
4,3,jedit,SVM,0.558569549636516
4,3,jedit,Which,0.486906380197378
4,4,jedit,DecisionTree,0.653487530838389
4,4,jedit,NaiveBayesian,0.159505408388887
4,4,jedit,RandomForest,0.969898612823266
4,4,jedit,SVM,0.389137181113434
4,4,jedit,Which,0.676758847586865
4,5,jedit,DecisionTree,0.204770250677811
4,5,jedit,NaiveBayesian,0.0795127722455988
4,5,jedit,RandomForest,0.262141604403776
4,5,jedit,SVM,0.193937470957629
4,5,jedit,Which,0.127170094111261
5,1,jedit,DecisionTree,0.618619129544127
5,1,jedit,NaiveBayesian,0.20964315757572
5,1,jedit,RandomForest,0.989413122535078
5,1,jedit,SVM,0.47071772366631
5,1,jedit,Which,0.279864726471627
5,2,jedit,DecisionTree,0.595632887936206
5,2,jedit,NaiveBayesian,0.222126242443724
5,2,jedit,RandomForest,0.910829437805904
5,2,jedit,SVM,0.650322160492631
5,2,jedit,Which,0.778730195310398
5,3,jedit,DecisionTree,0.752421829423259
5,3,jedit,NaiveBayesian,0.340136336336198
5,3,jedit,RandomForest,0.911792335770093
5,3,jedit,SVM,0.606140860352072
5,3,jedit,Which,0.546611473146935
5,4,jedit,DecisionTree,0.889582431318959
5,4,jedit,NaiveBayesian,0.177174558392703
5,4,jedit,RandomForest,0.976057971759544
5,4,jedit,SVM,0.357244246020945
5,4,jedit,Which,0.354719647782182
5,5,jedit,DecisionTree,0.223595822423577
5,5,jedit,NaiveBayesian,0.0870379821095289
5,5,jedit,RandomForest,0.298095588213574
5,5,jedit,SVM,0.188433002886976
5,5,jedit,Which,0.137920826388987
1,1,log4j,DecisionTree,0.676184422256259
1,1,log4j,NaiveBayesian,0.203010830627627
1,1,log4j,RandomForest,0.894595156726544
1,1,log4j,SVM,0.439014199434356
1,1,log4j,Which,0.344060930842121
1,2,log4j,DecisionTree,0.46623497661358
1,2,log4j,NaiveBayesian,0.170124282955725
1,2,log4j,RandomForest,0.861620772795685
1,2,log4j,SVM,0.330649567605683
1,2,log4j,Which,0.516227577054703
1,3,log4j,DecisionTree,0.205060986423083
1,3,log4j,NaiveBayesian,0.106182512423756
1,3,log4j,RandomForest,0.274078589941987
1,3,log4j,SVM,0.19545513296887
1,3,log4j,Which,0.108279021862218
1,4,log4j,DecisionTree,0.723253698683602
1,4,log4j,NaiveBayesian,0.249769325132515
1,4,log4j,RandomForest,0.950461483281053
1,4,log4j,SVM,0.61635160209274
1,4,log4j,Which,0.384047506256453
1,5,log4j,DecisionTree,0.676596580623632
1,5,log4j,NaiveBayesian,0.215588692089299
1,5,log4j,RandomForest,0.80149798473359
1,5,log4j,SVM,0.480046194353433
1,5,log4j,Which,0.573565806748674
2,1,log4j,DecisionTree,0.96273791408864
2,1,log4j,NaiveBayesian,0.201063970297286
2,1,log4j,RandomForest,1.03504152979612
2,1,log4j,SVM,0.348081722472888
2,1,log4j,Which,0.282513480698625
2,2,log4j,DecisionTree,0.494747615016812
2,2,log4j,NaiveBayesian,0.105129257122432
2,2,log4j,RandomForest,0.8537944284076
2,2,log4j,SVM,0.435189238204898
2,2,log4j,Which,0.602946040666199
2,3,log4j,DecisionTree,0.671643187271009
2,3,log4j,NaiveBayesian,0.270262091877428
2,3,log4j,RandomForest,0.837580898286323
2,3,log4j,SVM,0.567435945038654
2,3,log4j,Which,0.311844251102509
2,4,log4j,DecisionTree,0.197164434313882
2,4,log4j,NaiveBayesian,0.0840195719837868
2,4,log4j,RandomForest,0.265089379833191
2,4,log4j,SVM,0.153498072919241
2,4,log4j,Which,0.103503823019847
2,5,log4j,DecisionTree,0.636913397653031
2,5,log4j,NaiveBayesian,0.322474977549529
2,5,log4j,RandomForest,0.894433305254873
2,5,log4j,SVM,0.559168613656247
2,5,log4j,Which,0.54955414738486
3,1,log4j,DecisionTree,0.83403885553131
3,1,log4j,NaiveBayesian,0.376286650316869
3,1,log4j,RandomForest,0.974973504192824
3,1,log4j,SVM,0.753922096076594
3,1,log4j,Which,0.458871396121234
3,2,log4j,DecisionTree,0.772211206692874
3,2,log4j,NaiveBayesian,0.141313782667098
3,2,log4j,RandomForest,0.578265962659895
3,2,log4j,SVM,0.325073825939158
3,2,log4j,Which,0.276728732964297
3,3,log4j,DecisionTree,0.790871540493385
3,3,log4j,NaiveBayesian,0.352864091618664
3,3,log4j,RandomForest,1.01949196055531
3,3,log4j,SVM,0.617797254606272
3,3,log4j,Which,0.452093703092339
3,4,log4j,DecisionTree,0.580260280098515
3,4,log4j,NaiveBayesian,0.23236580511197
3,4,log4j,RandomForest,0.788428690717672
3,4,log4j,SVM,0.425680203050013
3,4,log4j,Which,0.389418999933547
3,5,log4j,DecisionTree,0.179897232403113
3,5,log4j,NaiveBayesian,0.0776741389834199
3,5,log4j,RandomForest,0.258023915748701
3,5,log4j,SVM,0.211841814361102
3,5,log4j,Which,0.237082110385013
4,1,log4j,DecisionTree,0.687314384560301
4,1,log4j,NaiveBayesian,0.19669090728926
4,1,log4j,RandomForest,0.920365635153562
4,1,log4j,SVM,0.537768718451037
4,1,log4j,Which,0.677866474558381
4,2,log4j,DecisionTree,0.672530585407569
4,2,log4j,NaiveBayesian,0.254119779620672
4,2,log4j,RandomForest,0.956701626781283
4,2,log4j,SVM,0.513562965876414
4,2,log4j,Which,0.416738313321266
4,3,log4j,DecisionTree,0.703379869104718
4,3,log4j,NaiveBayesian,0.124918425251684
4,3,log4j,RandomForest,0.479315206989337
4,3,log4j,SVM,0.290120722805111
4,3,log4j,Which,0.295426088082057
4,4,log4j,DecisionTree,0.189462216078156
4,4,log4j,NaiveBayesian,0.0822037987419171
4,4,log4j,RandomForest,0.300404520482375
4,4,log4j,SVM,0.149556604164885
4,4,log4j,Which,0.0836773884656184
4,5,log4j,DecisionTree,0.558023093507758
4,5,log4j,NaiveBayesian,0.323972485620074
4,5,log4j,RandomForest,0.833856075660153
4,5,log4j,SVM,0.596368881232071
4,5,log4j,Which,0.45534304349268
5,1,log4j,DecisionTree,0.239152081499675
5,1,log4j,NaiveBayesian,0.0988699877216392
5,1,log4j,RandomForest,0.277006852216155
5,1,log4j,SVM,0.168620345231571
5,1,log4j,Which,0.145430209840952
5,2,log4j,DecisionTree,0.649151445003342
5,2,log4j,NaiveBayesian,0.175382835271972
5,2,log4j,RandomForest,0.873660865044065
5,2,log4j,SVM,0.51665419302327
5,2,log4j,Which,0.377289211377291
5,3,log4j,DecisionTree,0.795152206095347
5,3,log4j,NaiveBayesian,0.363712519989061
5,3,log4j,RandomForest,0.968935583149127
5,3,log4j,SVM,0.760108891884105
5,3,log4j,Which,0.493787687429875
5,4,log4j,DecisionTree,0.7258606507785
5,4,log4j,NaiveBayesian,0.18855103224882
5,4,log4j,RandomForest,0.509370685805313
5,4,log4j,SVM,0.337404462105462
5,4,log4j,Which,0.313081102442724
5,5,log4j,DecisionTree,0.384094910115412
5,5,log4j,NaiveBayesian,0.169776654919963
5,5,log4j,RandomForest,0.742523469732494
5,5,log4j,SVM,0.347040750037141
5,5,log4j,Which,0.520190357537411
1,1,lucene,DecisionTree,0.819407291687161
1,1,lucene,NaiveBayesian,0.35578009684275
1,1,lucene,RandomForest,0.961244283120509
1,1,lucene,SVM,0.726305174840973
1,1,lucene,Which,0.553096825530853
1,2,lucene,DecisionTree,0.305752689015423
1,2,lucene,NaiveBayesian,0.044836279490238
1,2,lucene,RandomForest,0.353976465947742
1,2,lucene,SVM,0.138707285662423
1,2,lucene,Which,0.180556961285318
1,3,lucene,DecisionTree,0.622618982812915
1,3,lucene,NaiveBayesian,0.240932361854223
1,3,lucene,RandomForest,0.845152993822159
1,3,lucene,SVM,0.506106515128668
1,3,lucene,Which,0.365563183993859
1,4,lucene,DecisionTree,0.708868650256218
1,4,lucene,NaiveBayesian,0.436286434583446
1,4,lucene,RandomForest,0.955785220013337
1,4,lucene,SVM,0.715987158355201
1,4,lucene,Which,0.579974234419549
1,5,lucene,DecisionTree,0.514667394824111
1,5,lucene,NaiveBayesian,0.172244753600685
1,5,lucene,RandomForest,0.826449265039024
1,5,lucene,SVM,0.464317573711285
1,5,lucene,Which,0.284154646623711
2,1,lucene,DecisionTree,0.780520357841528
2,1,lucene,NaiveBayesian,0.302206926746513
2,1,lucene,RandomForest,0.906271323199659
2,1,lucene,SVM,0.57548489334451
2,1,lucene,Which,0.559434294761174
2,2,lucene,DecisionTree,0.262957620851319
2,2,lucene,NaiveBayesian,0.0534265749573572
2,2,lucene,RandomForest,0.187602807481706
2,2,lucene,SVM,0.139970380598878
2,2,lucene,Which,0.074853018234897
2,3,lucene,DecisionTree,0.815349507419395
2,3,lucene,NaiveBayesian,0.30608530218997
2,3,lucene,RandomForest,0.904425099347051
2,3,lucene,SVM,0.816002977592041
2,3,lucene,Which,0.473288725081162
2,4,lucene,DecisionTree,0.692287765795436
2,4,lucene,NaiveBayesian,0.259476544911136
2,4,lucene,RandomForest,0.984113381134001
2,4,lucene,SVM,0.525220222588997
2,4,lucene,Which,0.542511519800256
2,5,lucene,DecisionTree,0.481423032253235
2,5,lucene,NaiveBayesian,0.244402239539212
2,5,lucene,RandomForest,0.798650858048287
2,5,lucene,SVM,0.390478490422458
2,5,lucene,Which,0.521658763090421
3,1,lucene,DecisionTree,0.16358658074365
3,1,lucene,NaiveBayesian,0.0916271332769054
3,1,lucene,RandomForest,0.28680478310241
3,1,lucene,SVM,0.164501782378307
3,1,lucene,Which,0.239187798896067
3,2,lucene,DecisionTree,0.637805071255093
3,2,lucene,NaiveBayesian,0.271694112080306
3,2,lucene,RandomForest,0.947722552001386
3,2,lucene,SVM,0.593062904830033
3,2,lucene,Which,0.384009380736167
3,3,lucene,DecisionTree,0.798418896813537
3,3,lucene,NaiveBayesian,0.158562576638243
3,3,lucene,RandomForest,0.987223808886067
3,3,lucene,SVM,0.548176508488988
3,3,lucene,Which,0.420544599422155
3,4,lucene,DecisionTree,0.741671341132547
3,4,lucene,NaiveBayesian,0.161415829475694
3,4,lucene,RandomForest,0.820620516982842
3,4,lucene,SVM,0.299751409573455
3,4,lucene,Which,0.338738252192578
3,5,lucene,DecisionTree,0.687160751456266
3,5,lucene,NaiveBayesian,0.300384884215184
3,5,lucene,RandomForest,0.81577984992435
3,5,lucene,SVM,0.635154367615682
3,5,lucene,Which,0.426708332878819
4,1,lucene,DecisionTree,0.633592072540771
4,1,lucene,NaiveBayesian,0.231802263769288
4,1,lucene,RandomForest,0.97556147994292
4,1,lucene,SVM,0.55054685289008
4,1,lucene,Which,0.371712420629969
4,2,lucene,DecisionTree,0.539223540655222
4,2,lucene,NaiveBayesian,0.21935662413759
4,2,lucene,RandomForest,0.75088825525585
4,2,lucene,SVM,0.463370891134965
4,2,lucene,Which,0.573107477794004
4,3,lucene,DecisionTree,0.269881977872094
4,3,lucene,NaiveBayesian,0.0971782357028401
4,3,lucene,RandomForest,0.307253894848009
4,3,lucene,SVM,0.241243109730149
4,3,lucene,Which,0.166505394975569
4,4,lucene,DecisionTree,0.850805350389413
4,4,lucene,NaiveBayesian,0.130071242354944
4,4,lucene,RandomForest,0.933974602559348
4,4,lucene,SVM,0.360705836013122
4,4,lucene,Which,0.312845854059724
4,5,lucene,DecisionTree,0.455798881624989
4,5,lucene,NaiveBayesian,0.264593632611267
4,5,lucene,RandomForest,0.873838484457947
4,5,lucene,SVM,0.472780668726667
4,5,lucene,Which,0.368226456960752
5,1,lucene,DecisionTree,0.867938117431066
5,1,lucene,NaiveBayesian,0.153016998645415
5,1,lucene,RandomForest,0.953246788772412
5,1,lucene,SVM,0.374060704153218
5,1,lucene,Which,0.28420271092326
5,2,lucene,DecisionTree,0.532313635237496
5,2,lucene,NaiveBayesian,0.171250271422921
5,2,lucene,RandomForest,0.813957858082235
5,2,lucene,SVM,0.443695936542125
5,2,lucene,Which,0.514863285665775
5,3,lucene,DecisionTree,0.60395287064444
5,3,lucene,NaiveBayesian,0.236086280315379
5,3,lucene,RandomForest,0.808243358674587
5,3,lucene,SVM,0.435691862248071
5,3,lucene,Which,0.447655832112746
5,4,lucene,DecisionTree,0.843801692168264
5,4,lucene,NaiveBayesian,0.329848398961647
5,4,lucene,RandomForest,0.992302604735103
5,4,lucene,SVM,0.779648598580735
5,4,lucene,Which,0.593860213921685
5,5,lucene,DecisionTree,0.173295994229295
5,5,lucene,NaiveBayesian,0.0777164588394692
5,5,lucene,RandomForest,0.237663843518091
5,5,lucene,SVM,0.142988559188761
5,5,lucene,Which,0.0829380635670561
1,1,poi,DecisionTree,0.231336422347351
1,1,poi,NaiveBayesian,0.103977713511753
1,1,poi,RandomForest,0.306937890145957
1,1,poi,SVM,0.198302324458051
1,1,poi,Which,0.224627312031784
1,2,poi,DecisionTree,0.577632018464189
1,2,poi,NaiveBayesian,0.172605843416163
1,2,poi,RandomForest,0.788644260256036
1,2,poi,SVM,0.471787895959306
1,2,poi,Which,0.393377030785395
1,3,poi,DecisionTree,0.585883577035433
1,3,poi,NaiveBayesian,0.279329208648102
1,3,poi,RandomForest,0.739162710329423
1,3,poi,SVM,0.496359300070922
1,3,poi,Which,0.346976961743911
1,4,poi,DecisionTree,0.567665068870397
1,4,poi,NaiveBayesian,0.183417145260899
1,4,poi,RandomForest,0.808941686658626
1,4,poi,SVM,0.342765659529557
1,4,poi,Which,0.252610667674495
1,5,poi,DecisionTree,0.642115515371416
1,5,poi,NaiveBayesian,0.211645089586864
1,5,poi,RandomForest,0.797945341382164
1,5,poi,SVM,0.532428009327321
1,5,poi,Which,0.580352359904431
2,1,poi,DecisionTree,0.812357278226848
2,1,poi,NaiveBayesian,0.121382401850051
2,1,poi,RandomForest,0.892686821354592
2,1,poi,SVM,0.327051491374759
2,1,poi,Which,0.372802948711091
2,2,poi,DecisionTree,0.504681261375467
2,2,poi,NaiveBayesian,0.281123751959443
2,2,poi,RandomForest,0.744115874552919
2,2,poi,SVM,0.40123392856286
2,2,poi,Which,0.593788013589476
2,3,poi,DecisionTree,0.173560100890078
2,3,poi,NaiveBayesian,0.0430398821291399
2,3,poi,RandomForest,0.221992423192006
2,3,poi,SVM,0.175035474566554
2,3,poi,Which,0.110200846667989
2,4,poi,DecisionTree,0.789600707588407
2,4,poi,NaiveBayesian,0.336346594833535
2,4,poi,RandomForest,0.947374698033916
2,4,poi,SVM,0.743738462664468
2,4,poi,Which,0.427485105162739
2,5,poi,DecisionTree,0.608630820081665
2,5,poi,NaiveBayesian,0.327368319439531
2,5,poi,RandomForest,0.825065617501252
2,5,poi,SVM,0.57793221719193
2,5,poi,Which,0.298371208911215
3,1,poi,DecisionTree,0.232201806674749
3,1,poi,NaiveBayesian,0.11602330634801
3,1,poi,RandomForest,0.246640078027601
3,1,poi,SVM,0.212868820791084
3,1,poi,Which,0.209982756060823
3,2,poi,DecisionTree,0.669915849628698
3,2,poi,NaiveBayesian,0.155668911385892
3,2,poi,RandomForest,0.548679520772354
3,2,poi,SVM,0.367697419427667
3,2,poi,Which,0.34373523600246
3,3,poi,DecisionTree,0.467316808195932
3,3,poi,NaiveBayesian,0.122275923886755
3,3,poi,RandomForest,0.774481937842801
3,3,poi,SVM,0.353105713315079
3,3,poi,Which,0.21527475422746
3,4,poi,DecisionTree,0.717201068292345
3,4,poi,NaiveBayesian,0.333150468186173
3,4,poi,RandomForest,0.989612129915584
3,4,poi,SVM,0.640123682351151
3,4,poi,Which,0.579127175359012
3,5,poi,DecisionTree,0.708075218010206
3,5,poi,NaiveBayesian,0.225313484258629
3,5,poi,RandomForest,0.867765954655681
3,5,poi,SVM,0.542852961995995
3,5,poi,Which,0.488014412558473
4,1,poi,DecisionTree,0.312089322052002
4,1,poi,NaiveBayesian,0.0531463291208761
4,1,poi,RandomForest,0.374004892952772
4,1,poi,SVM,0.140471244602062
4,1,poi,Which,0.104988247512935
4,2,poi,DecisionTree,0.79024069132295
4,2,poi,NaiveBayesian,0.308341872831549
4,2,poi,RandomForest,0.997890846256829
4,2,poi,SVM,0.601826889726225
4,2,poi,Which,0.527716413357469
4,3,poi,DecisionTree,0.680597469180438
4,3,poi,NaiveBayesian,0.236390638165578
4,3,poi,RandomForest,0.931548645271706
4,3,poi,SVM,0.687992077069532
4,3,poi,Which,0.615080957085999
4,4,poi,DecisionTree,0.69914774662644
4,4,poi,NaiveBayesian,0.42777046316273
4,4,poi,RandomForest,0.943592252293647
4,4,poi,SVM,0.726824409699072
4,4,poi,Which,0.524674910779062
4,5,poi,DecisionTree,0.517204063899954
4,5,poi,NaiveBayesian,0.182735830211498
4,5,poi,RandomForest,0.762563382353362
4,5,poi,SVM,0.334166626351702
4,5,poi,Which,0.420148894034536
5,1,poi,DecisionTree,0.183969987911079
5,1,poi,NaiveBayesian,0.0903394009311984
5,1,poi,RandomForest,0.216348242318448
5,1,poi,SVM,0.150360384895666
5,1,poi,Which,0.0963887958985975
5,2,poi,DecisionTree,0.728538444246759
5,2,poi,NaiveBayesian,0.392133479678729
5,2,poi,RandomForest,0.990750570640719
5,2,poi,SVM,0.680414373909462
5,2,poi,Which,0.554153377866441
5,3,poi,DecisionTree,0.462995034220978
5,3,poi,NaiveBayesian,0.135009254639615
5,3,poi,RandomForest,0.82715381302043
5,3,poi,SVM,0.382691388879393
5,3,poi,Which,0.642588976678866
5,4,poi,DecisionTree,0.754010084435368
5,4,poi,NaiveBayesian,0.227398093776331
5,4,poi,RandomForest,0.990049799195541
5,4,poi,SVM,0.69517053021865
5,4,poi,Which,0.493085069978573
5,5,poi,DecisionTree,0.931862889181204
5,5,poi,NaiveBayesian,0.181309431368559
5,5,poi,RandomForest,0.969787838692235
5,5,poi,SVM,0.366961664663687
5,5,poi,Which,0.295235711883365
1,1,synapse,DecisionTree,0.745452367659316
1,1,synapse,NaiveBayesian,0.273304924257275
1,1,synapse,RandomForest,0.846086263069205
1,1,synapse,SVM,0.564756066880394
1,1,synapse,Which,0.364707280618392
1,2,synapse,DecisionTree,0.584363103306411
1,2,synapse,NaiveBayesian,0.39784628046495
1,2,synapse,RandomForest,0.906209725226489
1,2,synapse,SVM,0.667278854918141
1,2,synapse,Which,0.528602759477667
1,3,synapse,DecisionTree,0.728645305604901
1,3,synapse,NaiveBayesian,0.257144716160489
1,3,synapse,RandomForest,0.856198482182798
1,3,synapse,SVM,0.636292475536749
1,3,synapse,Which,0.558982904587159
1,4,synapse,DecisionTree,0.519327502063439
1,4,synapse,NaiveBayesian,0.155827143066407
1,4,synapse,RandomForest,0.851780431874151
1,4,synapse,SVM,0.427603693353275
1,4,synapse,Which,0.276185128559325
1,5,synapse,DecisionTree,0.318000247635986
1,5,synapse,NaiveBayesian,0.0615883138853371
1,5,synapse,RandomForest,0.311348801160389
1,5,synapse,SVM,0.125069846455045
1,5,synapse,Which,0.187577223576199
2,1,synapse,DecisionTree,0.726591392200831
2,1,synapse,NaiveBayesian,0.269528328659945
2,1,synapse,RandomForest,0.839607439475529
2,1,synapse,SVM,0.49250694451944
2,1,synapse,Which,0.558050814467963
2,2,synapse,DecisionTree,0.206312339112952
2,2,synapse,NaiveBayesian,0.102236570864485
2,2,synapse,RandomForest,0.311365744285837
2,2,synapse,SVM,0.215449224458381
2,2,synapse,Which,0.230821928027408
2,3,synapse,DecisionTree,0.720129960545292
2,3,synapse,NaiveBayesian,0.137698682908792
2,3,synapse,RandomForest,0.510160167627409
2,3,synapse,SVM,0.304268306291813
2,3,synapse,Which,0.283427386269693
2,4,synapse,DecisionTree,0.723882957057105
2,4,synapse,NaiveBayesian,0.333518208075964
2,4,synapse,RandomForest,0.822878205859928
2,4,synapse,SVM,0.563234107068646
2,4,synapse,Which,0.35518707537937
2,5,synapse,DecisionTree,0.624470123329486
2,5,synapse,NaiveBayesian,0.180569689586668
2,5,synapse,RandomForest,0.912551686556044
2,5,synapse,SVM,0.645155433458157
2,5,synapse,Which,0.377311187319243
3,1,synapse,DecisionTree,0.785696259102566
3,1,synapse,NaiveBayesian,0.255910517439654
3,1,synapse,RandomForest,0.847645687538092
3,1,synapse,SVM,0.56396972786223
3,1,synapse,Which,0.621425451685897
3,2,synapse,DecisionTree,0.625760012811042
3,2,synapse,NaiveBayesian,0.307947074445497
3,2,synapse,RandomForest,0.981100143654675
3,2,synapse,SVM,0.487036209807951
3,2,synapse,Which,0.695385965434911
3,3,synapse,DecisionTree,0.692459542158094
3,3,synapse,NaiveBayesian,0.173980745469472
3,3,synapse,RandomForest,0.879736267665738
3,3,synapse,SVM,0.308996450936065
3,3,synapse,Which,0.24248681027559
3,4,synapse,DecisionTree,0.602742889775268
3,4,synapse,NaiveBayesian,0.21326751748514
3,4,synapse,RandomForest,0.76678997892808
3,4,synapse,SVM,0.542564196597961
3,4,synapse,Which,0.436674018318381
3,5,synapse,DecisionTree,0.202041672066405
3,5,synapse,NaiveBayesian,0.0670904459458056
3,5,synapse,RandomForest,0.27464772819189
3,5,synapse,SVM,0.204405336334717
3,5,synapse,Which,0.109627560514346
4,1,synapse,DecisionTree,0.70277587814422
4,1,synapse,NaiveBayesian,0.277185825645769
4,1,synapse,RandomForest,0.859937373475788
4,1,synapse,SVM,0.46971155972074
4,1,synapse,Which,0.410050477382394
4,2,synapse,DecisionTree,0.317027164134412
4,2,synapse,NaiveBayesian,0.0626559779395753
4,2,synapse,RandomForest,0.1935997865104
4,2,synapse,SVM,0.140022512455843
4,2,synapse,Which,0.0978079946837514
4,3,synapse,DecisionTree,0.540054319013781
4,3,synapse,NaiveBayesian,0.167707712425534
4,3,synapse,RandomForest,0.695187727928761
4,3,synapse,SVM,0.438727913145865
4,3,synapse,Which,0.530979215049998
4,4,synapse,DecisionTree,0.665463917432449
4,4,synapse,NaiveBayesian,0.271225616898647
4,4,synapse,RandomForest,0.902293600208493
4,4,synapse,SVM,0.682388828632597
4,4,synapse,Which,0.430352600225691
4,5,synapse,DecisionTree,0.610848220101765
4,5,synapse,NaiveBayesian,0.33898526715134
4,5,synapse,RandomForest,0.840129659182577
4,5,synapse,SVM,0.607034827702695
4,5,synapse,Which,0.525258962063958
5,1,synapse,DecisionTree,0.211073127375088
5,1,synapse,NaiveBayesian,0.0854371134480438
5,1,synapse,RandomForest,0.290717379041345
5,1,synapse,SVM,0.191946589600858
5,1,synapse,Which,0.181452140942366
5,2,synapse,DecisionTree,0.723265129994953
5,2,synapse,NaiveBayesian,0.165233922094679
5,2,synapse,RandomForest,0.859052643686309
5,2,synapse,SVM,0.510145415050377
5,2,synapse,Which,0.454065608378586
5,3,synapse,DecisionTree,0.553506369698512
5,3,synapse,NaiveBayesian,0.183322949023145
5,3,synapse,RandomForest,0.463713441178817
5,3,synapse,SVM,0.316134814042961
5,3,synapse,Which,0.247671781145159
5,4,synapse,DecisionTree,0.850070440291564
5,4,synapse,NaiveBayesian,0.254296555951522
5,4,synapse,RandomForest,0.887463168493853
5,4,synapse,SVM,0.548789458170349
5,4,synapse,Which,0.635893585327436
5,5,synapse,DecisionTree,0.680359797543544
5,5,synapse,NaiveBayesian,0.340088609351563
5,5,synapse,RandomForest,0.978495905534696
5,5,synapse,SVM,0.665674970500745
5,5,synapse,Which,0.41308156725538
1,1,velocity,DecisionTree,0.678650826521219
1,1,velocity,NaiveBayesian,0.146265433276564
1,1,velocity,RandomForest,0.793964211397531
1,1,velocity,SVM,0.369492721436918
1,1,velocity,Which,0.191339299696231
1,2,velocity,DecisionTree,0.546009168186886
1,2,velocity,NaiveBayesian,0.214786391288325
1,2,velocity,RandomForest,0.777397594793374
1,2,velocity,SVM,0.472224420733093
1,2,velocity,Which,0.61157259163326
1,3,velocity,DecisionTree,0.259127376105277
1,3,velocity,NaiveBayesian,0.0927265192322665
1,3,velocity,RandomForest,0.301917684657736
1,3,velocity,SVM,0.150957464411753
1,3,velocity,Which,0.184419237861159
1,4,velocity,DecisionTree,0.851230106370367
1,4,velocity,NaiveBayesian,0.315426654446625
1,4,velocity,RandomForest,0.958107010414846
1,4,velocity,SVM,0.80627361681072
1,4,velocity,Which,0.57417111238192
1,5,velocity,DecisionTree,0.458020664316557
1,5,velocity,NaiveBayesian,0.218000369087384
1,5,velocity,RandomForest,0.783126750277337
1,5,velocity,SVM,0.480821106060069
1,5,velocity,Which,0.297702992120542
2,1,velocity,DecisionTree,0.555704504301611
2,1,velocity,NaiveBayesian,0.230136188677224
2,1,velocity,RandomForest,0.780760505069432
2,1,velocity,SVM,0.483080498272364
2,1,velocity,Which,0.489358889444801
2,2,velocity,DecisionTree,0.587432409523395
2,2,velocity,NaiveBayesian,0.116143683296678
2,2,velocity,RandomForest,0.799599487049891
2,2,velocity,SVM,0.282294766827918
2,2,velocity,Which,0.271381031509327
2,3,velocity,DecisionTree,0.203571021468413
2,3,velocity,NaiveBayesian,0.115022691719432
2,3,velocity,RandomForest,0.260419334570021
2,3,velocity,SVM,0.186643258673348
2,3,velocity,Which,0.174739573040517
2,4,velocity,DecisionTree,0.801337578538487
2,4,velocity,NaiveBayesian,0.273042368366084
2,4,velocity,RandomForest,0.935355743298076
2,4,velocity,SVM,0.605045269813498
2,4,velocity,Which,0.510996153754464
2,5,velocity,DecisionTree,0.720196069668109
2,5,velocity,NaiveBayesian,0.230082838603158
2,5,velocity,RandomForest,0.863919783273735
2,5,velocity,SVM,0.627679763225664
2,5,velocity,Which,0.378063661508243
3,1,velocity,DecisionTree,0.542566033065921
3,1,velocity,NaiveBayesian,0.152611377742407
3,1,velocity,RandomForest,0.699076449063261
3,1,velocity,SVM,0.343851463970508
3,1,velocity,Which,0.418032789326996
3,2,velocity,DecisionTree,0.661737298353866
3,2,velocity,NaiveBayesian,0.232300472772142
3,2,velocity,RandomForest,0.80277646353906
3,2,velocity,SVM,0.551392574777182
3,2,velocity,Which,0.38917020956744
3,3,velocity,DecisionTree,0.613866321511474
3,3,velocity,NaiveBayesian,0.367528198397538
3,3,velocity,RandomForest,0.833147942626214
3,3,velocity,SVM,0.614605686333237
3,3,velocity,Which,0.591471274691574
3,4,velocity,DecisionTree,0.905014854887653
3,4,velocity,NaiveBayesian,0.172670265351541
3,4,velocity,RandomForest,0.967526638081317
3,4,velocity,SVM,0.351909083782998
3,4,velocity,Which,0.329217957477238
3,5,velocity,DecisionTree,0.185185137476678
3,5,velocity,NaiveBayesian,0.0683666597754679
3,5,velocity,RandomForest,0.209238228170281
3,5,velocity,SVM,0.175364462255192
3,5,velocity,Which,0.108108866261861
4,1,velocity,DecisionTree,0.61151140840907
4,1,velocity,NaiveBayesian,0.235701767699685
4,1,velocity,RandomForest,0.91429433274296
4,1,velocity,SVM,0.458568366860876
4,1,velocity,Which,0.439345196564741
4,2,velocity,DecisionTree,0.228715894529628
4,2,velocity,NaiveBayesian,0.0798665164816059
4,2,velocity,RandomForest,0.265245778683896
4,2,velocity,SVM,0.158547238080648
4,2,velocity,Which,0.15412459760565
4,3,velocity,DecisionTree,0.674653160184827
4,3,velocity,NaiveBayesian,0.346270277061008
4,3,velocity,RandomForest,0.919623901537651
4,3,velocity,SVM,0.672840464629289
4,3,velocity,Which,0.557873665837167
4,4,velocity,DecisionTree,0.884820149134626
4,4,velocity,NaiveBayesian,0.126399505363187
4,4,velocity,RandomForest,0.992953372816149
4,4,velocity,SVM,0.344179073264492
4,4,velocity,Which,0.175571747746165
4,5,velocity,DecisionTree,0.581174388299158
4,5,velocity,NaiveBayesian,0.226383853027454
4,5,velocity,RandomForest,0.739129607943062
4,5,velocity,SVM,0.644366560571104
4,5,velocity,Which,0.512921588167016
5,1,velocity,DecisionTree,0.423813668732771
5,1,velocity,NaiveBayesian,0.214466790481962
5,1,velocity,RandomForest,0.845598108729206
5,1,velocity,SVM,0.396002934665161
5,1,velocity,Which,0.307592807845749
5,2,velocity,DecisionTree,0.655098477383315
5,2,velocity,NaiveBayesian,0.318741613589456
5,2,velocity,RandomForest,1.0461232462014
5,2,velocity,SVM,0.735126142723051
5,2,velocity,Which,0.397559116846629
5,3,velocity,DecisionTree,0.908095636905436
5,3,velocity,NaiveBayesian,0.193906573414257
5,3,velocity,RandomForest,0.967179306665077
5,3,velocity,SVM,0.393065773133022
5,3,velocity,Which,0.324020032444909
5,4,velocity,DecisionTree,0.707744391943797
5,4,velocity,NaiveBayesian,0.356729246654175
5,4,velocity,RandomForest,0.884201237173487
5,4,velocity,SVM,0.729188557643598
5,4,velocity,Which,0.552444784080889
5,5,velocity,DecisionTree,0.264634095300912
5,5,velocity,NaiveBayesian,0.0441335752637382
5,5,velocity,RandomForest,0.33018409352335
5,5,velocity,SVM,0.14352876372656
5,5,velocity,Which,0.200530408293323
1,1,xalan,DecisionTree,0.22337399088624
1,1,xalan,NaiveBayesian,0.0611281415715483
1,1,xalan,RandomForest,0.231801688245223
1,1,xalan,SVM,0.197472128248266
1,1,xalan,Which,0.104532002709814
1,2,xalan,DecisionTree,0.572494870433007
1,2,xalan,NaiveBayesian,0.220734170741735
1,2,xalan,RandomForest,0.780997168757596
1,2,xalan,SVM,0.469046594413404
1,2,xalan,Which,0.627573786923298
1,3,xalan,DecisionTree,0.70716274036001
1,3,xalan,NaiveBayesian,0.146156384067451
1,3,xalan,RandomForest,0.78422756398611
1,3,xalan,SVM,0.271575800631997
1,3,xalan,Which,0.327162745369231
1,4,xalan,DecisionTree,0.44935094357053
1,4,xalan,NaiveBayesian,0.339705017207088
1,4,xalan,RandomForest,0.895302082320755
1,4,xalan,SVM,0.574235677912953
1,4,xalan,Which,0.349642096385043
1,5,xalan,DecisionTree,0.821814726016656
1,5,xalan,NaiveBayesian,0.310332780670939
1,5,xalan,RandomForest,0.934279181698482
1,5,xalan,SVM,0.615825922849172
1,5,xalan,Which,0.577342281615702
2,1,xalan,DecisionTree,0.89650919628037
2,1,xalan,NaiveBayesian,0.148426659354665
2,1,xalan,RandomForest,0.537839998650355
2,1,xalan,SVM,0.333836594702842
2,1,xalan,Which,0.355428810001353
2,2,xalan,DecisionTree,0.520906714108026
2,2,xalan,NaiveBayesian,0.217695177486916
2,2,xalan,RandomForest,0.802284108537216
2,2,xalan,SVM,0.372029063611936
2,2,xalan,Which,0.502027918812395
2,3,xalan,DecisionTree,0.218458358192005
2,3,xalan,NaiveBayesian,0.0506662683471216
2,3,xalan,RandomForest,0.234348996661929
2,3,xalan,SVM,0.163537617828953
2,3,xalan,Which,0.153267917475558
2,4,xalan,DecisionTree,0.656961652862242
2,4,xalan,NaiveBayesian,0.206100682737119
2,4,xalan,RandomForest,0.822853747012871
2,4,xalan,SVM,0.513707504661673
2,4,xalan,Which,0.30740757513342
2,5,xalan,DecisionTree,0.610869049884714
2,5,xalan,NaiveBayesian,0.478063311102824
2,5,xalan,RandomForest,0.876130096179328
2,5,xalan,SVM,0.833504611881778
2,5,xalan,Which,0.546591797947496
3,1,xalan,DecisionTree,0.192996109902991
3,1,xalan,NaiveBayesian,0.0768747003078392
3,1,xalan,RandomForest,0.22680088477271
3,1,xalan,SVM,0.147526052105262
3,1,xalan,Which,0.109425150925503
3,2,xalan,DecisionTree,0.786797724632997
3,2,xalan,NaiveBayesian,0.21313925774156
3,2,xalan,RandomForest,1.03055071863969
3,2,xalan,SVM,0.384695548406959
3,2,xalan,Which,0.287713056488944
3,3,xalan,DecisionTree,0.84030628424618
3,3,xalan,NaiveBayesian,0.333904966925451
3,3,xalan,RandomForest,0.983148092826394
3,3,xalan,SVM,0.695861864773423
3,3,xalan,Which,0.566946878220993
3,4,xalan,DecisionTree,0.664415528123268
3,4,xalan,NaiveBayesian,0.130022325995363
3,4,xalan,RandomForest,0.7269121215862
3,4,xalan,SVM,0.392857259618299
3,4,xalan,Which,0.352983544573991
3,5,xalan,DecisionTree,0.58027156646242
3,5,xalan,NaiveBayesian,0.238037811304483
3,5,xalan,RandomForest,0.963494923680666
3,5,xalan,SVM,0.558160630118516
3,5,xalan,Which,0.737207518947596
4,1,xalan,DecisionTree,0.717125260796331
4,1,xalan,NaiveBayesian,0.291501828816624
4,1,xalan,RandomForest,0.950982717589201
4,1,xalan,SVM,0.692200433042837
4,1,xalan,Which,0.425786916817348
4,2,xalan,DecisionTree,0.779719091342661
4,2,xalan,NaiveBayesian,0.140894303599595
4,2,xalan,RandomForest,0.574604555594689
4,2,xalan,SVM,0.374011399229397
4,2,xalan,Which,0.242084807845861
4,3,xalan,DecisionTree,0.641083250580302
4,3,xalan,NaiveBayesian,0.263941445414339
4,3,xalan,RandomForest,0.849297171310788
4,3,xalan,SVM,0.437505454553094
4,3,xalan,Which,0.533140830157475
4,4,xalan,DecisionTree,0.233898156938422
4,4,xalan,NaiveBayesian,0.0818797880560289
4,4,xalan,RandomForest,0.2838619240714
4,4,xalan,SVM,0.195091709859396
4,4,xalan,Which,0.1486864349751
4,5,xalan,DecisionTree,0.482814460588311
4,5,xalan,NaiveBayesian,0.245139200550261
4,5,xalan,RandomForest,0.704837643861042
4,5,xalan,SVM,0.457099313445737
4,5,xalan,Which,0.512220920839119
5,1,xalan,DecisionTree,0.516063793296325
5,1,xalan,NaiveBayesian,0.278108624128063
5,1,xalan,RandomForest,0.822759929267215
5,1,xalan,SVM,0.576271895256046
5,1,xalan,Which,0.354262480089705
5,2,xalan,DecisionTree,0.180574060413009
5,2,xalan,NaiveBayesian,0.11105577951585
5,2,xalan,RandomForest,0.259052016056166
5,2,xalan,SVM,0.193653783310351
5,2,xalan,Which,0.135125093741966
5,3,xalan,DecisionTree,0.828424109657138
5,3,xalan,NaiveBayesian,0.257288857134978
5,3,xalan,RandomForest,0.885944903775817
5,3,xalan,SVM,0.591771735366395
5,3,xalan,Which,0.513913923724447
5,4,xalan,DecisionTree,0.495088948798745
5,4,xalan,NaiveBayesian,0.107243226062262
5,4,xalan,RandomForest,0.63439058848112
5,4,xalan,SVM,0.273828592179224
5,4,xalan,Which,0.232104008615913
5,5,xalan,DecisionTree,0.642768569839798
5,5,xalan,NaiveBayesian,0.187889126461455
5,5,xalan,RandomForest,0.862453360624336
5,5,xalan,SVM,0.447039946184149
5,5,xalan,Which,0.647598103131598